{"ID":777,"ContainerName":"","dockerID":"67c4069793a0b41baea4c840aa080f7a18fdd605506aa9ea64d1b3d6ea8505f2","DockerNetworkID":"","DockerEndpointID":"","IfName":"lxc6afa6cfe8182","IfIndex":18,"ContainerIfName":"eth0","DisableLegacyIdentifiers":false,"OpLabels":{"Custom":{},"OrchestrationIdentity":{"app.kubernetes.io/name":{"key":"app.kubernetes.io/name","value":"clustermesh-apiserver","source":"k8s"},"app.kubernetes.io/part-of":{"key":"app.kubernetes.io/part-of","value":"cilium","source":"k8s"},"io.cilium.k8s.namespace.labels.kubernetes.io/metadata.name":{"key":"io.cilium.k8s.namespace.labels.kubernetes.io/metadata.name","value":"kube-system","source":"k8s"},"io.cilium.k8s.policy.cluster":{"key":"io.cilium.k8s.policy.cluster","value":"cmesh255","source":"k8s"},"io.cilium.k8s.policy.serviceaccount":{"key":"io.cilium.k8s.policy.serviceaccount","value":"clustermesh-apiserver","source":"k8s"},"io.kubernetes.pod.namespace":{"key":"io.kubernetes.pod.namespace","value":"kube-system","source":"k8s"},"k8s-app":{"key":"k8s-app","value":"clustermesh-apiserver","source":"k8s"}},"Disabled":{},"OrchestrationInfo":{"pod-template-hash":{"key":"pod-template-hash","value":"7c5bcdc598","source":"k8s"}}},"LXCMAC":"a2:51:e6:27:34:68","IPv6":"","IPv6IPAMPool":"","IPv4":"10.254.0.34","IPv4IPAMPool":"default","NodeMAC":"fa:b1:b0:61:c0:2b","SecLabel":{"id":8379784,"labels":{"app.kubernetes.io/name":{"key":"app.kubernetes.io/name","value":"clustermesh-apiserver","source":"k8s"},"app.kubernetes.io/part-of":{"key":"app.kubernetes.io/part-of","value":"cilium","source":"k8s"},"io.cilium.k8s.namespace.labels.kubernetes.io/metadata.name":{"key":"io.cilium.k8s.namespace.labels.kubernetes.io/metadata.name","value":"kube-system","source":"k8s"},"io.cilium.k8s.policy.cluster":{"key":"io.cilium.k8s.policy.cluster","value":"cmesh255","source":"k8s"},"io.cilium.k8s.policy.serviceaccount":{"key":"io.cilium.k8s.policy.serviceaccount","value":"clustermesh-apiserver","source":"k8s"},"io.kubernetes.pod.namespace":{"key":"io.kubernetes.pod.namespace","value":"kube-system","source":"k8s"},"k8s-app":{"key":"k8s-app","value":"clustermesh-apiserver","source":"k8s"}}},"Options":{"map":{"ConntrackAccounting":0,"ConntrackLocal":0,"Debug":0,"DebugLB":0,"DebugPolicy":0,"DropNotification":1,"MonitorAggregationLevel":3,"PolicyAccounting":1,"PolicyAuditMode":0,"PolicyVerdictNotification":1,"SourceIPVerification":1,"TraceNotification":1}},"DNSRules":{},"DNSRulesV2":{},"DNSHistory":[],"DNSZombies":{},"K8sPodName":"clustermesh-apiserver-7c5bcdc598-qwq4l","K8sNamespace":"kube-system","K8sUID":"313d33b8-99b1-4d7f-bcb9-7846a54160c9","DatapathConfiguration":{},"CiliumEndpointUID":"","Properties":{},"NetnsCookie":4098}