{"ID":482,"ContainerName":"","dockerID":"4dcbb184c9c9b318a8d74f6ab4e7babe9851e4323582dc04803d32f37dd64da9","DockerNetworkID":"","DockerEndpointID":"","IfName":"lxcf9b92545e465","IfIndex":24,"ContainerIfName":"eth0","DisableLegacyIdentifiers":false,"OpLabels":{"Custom":{},"OrchestrationIdentity":{"io.cilium.k8s.namespace.labels.app.kubernetes.io/name":{"key":"io.cilium.k8s.namespace.labels.app.kubernetes.io/name","value":"cilium-cli","source":"k8s"},"io.cilium.k8s.namespace.labels.kubernetes.io/metadata.name":{"key":"io.cilium.k8s.namespace.labels.kubernetes.io/metadata.name","value":"cilium-test-1","source":"k8s"},"io.cilium.k8s.policy.cluster":{"key":"io.cilium.k8s.policy.cluster","value":"cmesh38","source":"k8s"},"io.cilium.k8s.policy.serviceaccount":{"key":"io.cilium.k8s.policy.serviceaccount","value":"echo-same-node","source":"k8s"},"io.kubernetes.pod.namespace":{"key":"io.kubernetes.pod.namespace","value":"cilium-test-1","source":"k8s"},"kind":{"key":"kind","value":"echo","source":"k8s"},"name":{"key":"name","value":"echo-same-node","source":"k8s"},"other":{"key":"other","value":"echo","source":"k8s"}},"Disabled":{},"OrchestrationInfo":{"pod-template-hash":{"key":"pod-template-hash","value":"86d9cc975c","source":"k8s"}}},"LXCMAC":"1e:a4:9d:99:f4:7f","IPv6":"","IPv6IPAMPool":"","IPv4":"10.37.0.234","IPv4IPAMPool":"default","NodeMAC":"b6:9d:16:7d:bb:dc","SecLabel":{"id":2494625,"labels":{"io.cilium.k8s.namespace.labels.app.kubernetes.io/name":{"key":"io.cilium.k8s.namespace.labels.app.kubernetes.io/name","value":"cilium-cli","source":"k8s"},"io.cilium.k8s.namespace.labels.kubernetes.io/metadata.name":{"key":"io.cilium.k8s.namespace.labels.kubernetes.io/metadata.name","value":"cilium-test-1","source":"k8s"},"io.cilium.k8s.policy.cluster":{"key":"io.cilium.k8s.policy.cluster","value":"cmesh38","source":"k8s"},"io.cilium.k8s.policy.serviceaccount":{"key":"io.cilium.k8s.policy.serviceaccount","value":"echo-same-node","source":"k8s"},"io.kubernetes.pod.namespace":{"key":"io.kubernetes.pod.namespace","value":"cilium-test-1","source":"k8s"},"kind":{"key":"kind","value":"echo","source":"k8s"},"name":{"key":"name","value":"echo-same-node","source":"k8s"},"other":{"key":"other","value":"echo","source":"k8s"}}},"Options":{"map":{"ConntrackAccounting":0,"ConntrackLocal":0,"Debug":0,"DebugLB":0,"DebugPolicy":0,"DropNotification":1,"MonitorAggregationLevel":3,"PolicyAccounting":1,"PolicyAuditMode":0,"PolicyVerdictNotification":1,"SourceIPVerification":1,"TraceNotification":1}},"DNSRules":{},"DNSRulesV2":{},"DNSHistory":[],"DNSZombies":{},"K8sPodName":"echo-same-node-86d9cc975c-5h7dv","K8sNamespace":"cilium-test-1","K8sUID":"4957e479-11f5-4b14-b3b0-d0750b70c770","DatapathConfiguration":{},"CiliumEndpointUID":"daec2905-ed86-42b4-b123-04339dbc310e","Properties":{},"NetnsCookie":4102}