{"ID":245,"ContainerName":"","dockerID":"a27e969809bc4ce977166802c3d6eef9e791768903f0d31c9d930ece10d4608c","DockerNetworkID":"","DockerEndpointID":"","IfName":"lxcf3b77bac316d","IfIndex":17,"ContainerIfName":"eth0","DisableLegacyIdentifiers":false,"OpLabels":{"Custom":{},"OrchestrationIdentity":{"io.cilium.k8s.namespace.labels.app.kubernetes.io/name":{"key":"io.cilium.k8s.namespace.labels.app.kubernetes.io/name","value":"cilium-cli","source":"k8s"},"io.cilium.k8s.namespace.labels.kubernetes.io/metadata.name":{"key":"io.cilium.k8s.namespace.labels.kubernetes.io/metadata.name","value":"cilium-test-1","source":"k8s"},"io.cilium.k8s.policy.cluster":{"key":"io.cilium.k8s.policy.cluster","value":"cmesh1","source":"k8s"},"io.cilium.k8s.policy.serviceaccount":{"key":"io.cilium.k8s.policy.serviceaccount","value":"client","source":"k8s"},"io.kubernetes.pod.namespace":{"key":"io.kubernetes.pod.namespace","value":"cilium-test-1","source":"k8s"},"kind":{"key":"kind","value":"client","source":"k8s"},"name":{"key":"name","value":"client","source":"k8s"}},"Disabled":{},"OrchestrationInfo":{"pod-template-hash":{"key":"pod-template-hash","value":"974f6c69d","source":"k8s"}}},"LXCMAC":"b6:f9:56:30:0b:08","IPv6":"","IPv6IPAMPool":"","IPv4":"10.0.0.146","IPv4IPAMPool":"default","NodeMAC":"1e:c8:65:b7:49:f7","SecLabel":{"id":73336,"labels":{"io.cilium.k8s.namespace.labels.app.kubernetes.io/name":{"key":"io.cilium.k8s.namespace.labels.app.kubernetes.io/name","value":"cilium-cli","source":"k8s"},"io.cilium.k8s.namespace.labels.kubernetes.io/metadata.name":{"key":"io.cilium.k8s.namespace.labels.kubernetes.io/metadata.name","value":"cilium-test-1","source":"k8s"},"io.cilium.k8s.policy.cluster":{"key":"io.cilium.k8s.policy.cluster","value":"cmesh1","source":"k8s"},"io.cilium.k8s.policy.serviceaccount":{"key":"io.cilium.k8s.policy.serviceaccount","value":"client","source":"k8s"},"io.kubernetes.pod.namespace":{"key":"io.kubernetes.pod.namespace","value":"cilium-test-1","source":"k8s"},"kind":{"key":"kind","value":"client","source":"k8s"},"name":{"key":"name","value":"client","source":"k8s"}}},"Options":{"map":{"ConntrackAccounting":0,"ConntrackLocal":0,"Debug":0,"DebugLB":0,"DebugPolicy":0,"DropNotification":1,"MonitorAggregationLevel":3,"PolicyAccounting":1,"PolicyAuditMode":0,"PolicyVerdictNotification":1,"SourceIPVerification":1,"TraceNotification":1}},"DNSRules":{},"DNSRulesV2":{},"DNSHistory":[{"fqdn":"cilium.io.","lookup-time":"2024-10-24T09:24:46.838716238Z","expiration-time":"2024-10-24T09:25:16.838716238Z","ttl":30,"ips":["104.198.14.52"]},{"fqdn":"one.one.one.one.","lookup-time":"2024-10-24T09:24:40.440047644Z","expiration-time":"2024-10-24T09:24:49.440047644Z","ttl":9,"ips":["2606:4700:4700::1111","2606:4700:4700::1001"]},{"fqdn":"one.one.one.one.","lookup-time":"2024-10-24T09:24:40.440234011Z","expiration-time":"2024-10-24T09:24:49.440234011Z","ttl":9,"ips":["1.1.1.1","1.0.0.1"]}],"DNSZombies":{},"K8sPodName":"client-974f6c69d-d6w4f","K8sNamespace":"cilium-test-1","K8sUID":"89685e20-acec-4f69-a5b7-b9df0e5c0785","DatapathConfiguration":{},"CiliumEndpointUID":"dc0458a8-3373-492a-b7a5-e21943bd3e77","Properties":{},"NetnsCookie":5}