{"ID":1126,"ContainerName":"","dockerID":"b7d15fdcde70d71eea98b1d3f802c1a483e4a4c1b561ad85166abadaf79d315b","DockerNetworkID":"","DockerEndpointID":"","IfName":"lxcafced212f977","IfIndex":15,"ContainerIfName":"eth0","DisableLegacyIdentifiers":false,"OpLabels":{"Custom":{},"OrchestrationIdentity":{"app.kubernetes.io/name":{"key":"app.kubernetes.io/name","value":"clustermesh-apiserver","source":"k8s"},"app.kubernetes.io/part-of":{"key":"app.kubernetes.io/part-of","value":"cilium","source":"k8s"},"io.cilium.k8s.namespace.labels.kubernetes.io/metadata.name":{"key":"io.cilium.k8s.namespace.labels.kubernetes.io/metadata.name","value":"kube-system","source":"k8s"},"io.cilium.k8s.policy.cluster":{"key":"io.cilium.k8s.policy.cluster","value":"cmesh11","source":"k8s"},"io.cilium.k8s.policy.serviceaccount":{"key":"io.cilium.k8s.policy.serviceaccount","value":"clustermesh-apiserver","source":"k8s"},"io.kubernetes.pod.namespace":{"key":"io.kubernetes.pod.namespace","value":"kube-system","source":"k8s"},"k8s-app":{"key":"k8s-app","value":"clustermesh-apiserver","source":"k8s"}},"Disabled":{},"OrchestrationInfo":{"pod-template-hash":{"key":"pod-template-hash","value":"db5ccd4fb","source":"k8s"}}},"LXCMAC":"aa:c8:1f:3f:1b:4e","IPv6":"","IPv6IPAMPool":"","IPv4":"10.10.0.124","IPv4IPAMPool":"default","NodeMAC":"fe:82:ab:0b:f5:da","SecLabel":{"id":785668,"labels":{"app.kubernetes.io/name":{"key":"app.kubernetes.io/name","value":"clustermesh-apiserver","source":"k8s"},"app.kubernetes.io/part-of":{"key":"app.kubernetes.io/part-of","value":"cilium","source":"k8s"},"io.cilium.k8s.namespace.labels.kubernetes.io/metadata.name":{"key":"io.cilium.k8s.namespace.labels.kubernetes.io/metadata.name","value":"kube-system","source":"k8s"},"io.cilium.k8s.policy.cluster":{"key":"io.cilium.k8s.policy.cluster","value":"cmesh11","source":"k8s"},"io.cilium.k8s.policy.serviceaccount":{"key":"io.cilium.k8s.policy.serviceaccount","value":"clustermesh-apiserver","source":"k8s"},"io.kubernetes.pod.namespace":{"key":"io.kubernetes.pod.namespace","value":"kube-system","source":"k8s"},"k8s-app":{"key":"k8s-app","value":"clustermesh-apiserver","source":"k8s"}}},"Options":{"map":{"ConntrackAccounting":0,"ConntrackLocal":0,"Debug":0,"DebugLB":0,"DebugPolicy":0,"DropNotification":1,"MonitorAggregationLevel":3,"PolicyAccounting":1,"PolicyAuditMode":0,"PolicyVerdictNotification":1,"SourceIPVerification":1,"TraceNotification":1}},"DNSRules":{},"DNSRulesV2":{},"DNSHistory":[],"DNSZombies":{},"K8sPodName":"clustermesh-apiserver-db5ccd4fb-zqxjd","K8sNamespace":"kube-system","K8sUID":"e24fd857-543b-4680-b67e-2d11d72cf2d3","DatapathConfiguration":{},"CiliumEndpointUID":"","Properties":{},"NetnsCookie":6}