{"ID":192,"ContainerName":"","dockerID":"d16f57c5c93194dc3af67e2a95f17c254cdd2a35ccb74c6c04fe9e883b3fd2e9","DockerNetworkID":"","DockerEndpointID":"","IfName":"lxcf447f6378717","IfIndex":19,"ContainerIfName":"eth0","DisableLegacyIdentifiers":false,"OpLabels":{"Custom":{},"OrchestrationIdentity":{"io.cilium.k8s.namespace.labels.app.kubernetes.io/name":{"key":"io.cilium.k8s.namespace.labels.app.kubernetes.io/name","value":"cilium-cli","source":"k8s"},"io.cilium.k8s.namespace.labels.kubernetes.io/metadata.name":{"key":"io.cilium.k8s.namespace.labels.kubernetes.io/metadata.name","value":"cilium-test-1","source":"k8s"},"io.cilium.k8s.policy.cluster":{"key":"io.cilium.k8s.policy.cluster","value":"cmesh7","source":"k8s"},"io.cilium.k8s.policy.serviceaccount":{"key":"io.cilium.k8s.policy.serviceaccount","value":"client2","source":"k8s"},"io.kubernetes.pod.namespace":{"key":"io.kubernetes.pod.namespace","value":"cilium-test-1","source":"k8s"},"kind":{"key":"kind","value":"client","source":"k8s"},"name":{"key":"name","value":"client2","source":"k8s"},"other":{"key":"other","value":"client","source":"k8s"}},"Disabled":{},"OrchestrationInfo":{"pod-template-hash":{"key":"pod-template-hash","value":"57cf4468f","source":"k8s"}}},"LXCMAC":"f2:61:8f:63:f2:9c","IPv6":"","IPv6IPAMPool":"","IPv4":"10.6.0.85","IPv4IPAMPool":"default","NodeMAC":"b2:77:2f:d0:b5:1e","SecLabel":{"id":505656,"labels":{"io.cilium.k8s.namespace.labels.app.kubernetes.io/name":{"key":"io.cilium.k8s.namespace.labels.app.kubernetes.io/name","value":"cilium-cli","source":"k8s"},"io.cilium.k8s.namespace.labels.kubernetes.io/metadata.name":{"key":"io.cilium.k8s.namespace.labels.kubernetes.io/metadata.name","value":"cilium-test-1","source":"k8s"},"io.cilium.k8s.policy.cluster":{"key":"io.cilium.k8s.policy.cluster","value":"cmesh7","source":"k8s"},"io.cilium.k8s.policy.serviceaccount":{"key":"io.cilium.k8s.policy.serviceaccount","value":"client2","source":"k8s"},"io.kubernetes.pod.namespace":{"key":"io.kubernetes.pod.namespace","value":"cilium-test-1","source":"k8s"},"kind":{"key":"kind","value":"client","source":"k8s"},"name":{"key":"name","value":"client2","source":"k8s"},"other":{"key":"other","value":"client","source":"k8s"}}},"Options":{"map":{"ConntrackAccounting":0,"ConntrackLocal":0,"Debug":0,"DebugLB":0,"DebugPolicy":0,"DropNotification":1,"MonitorAggregationLevel":3,"PolicyAccounting":1,"PolicyAuditMode":0,"PolicyVerdictNotification":1,"SourceIPVerification":1,"TraceNotification":1}},"DNSRules":{},"DNSRulesV2":{},"DNSHistory":[{"fqdn":"cilium.io.","lookup-time":"2024-10-24T09:24:47.591715141Z","expiration-time":"2024-10-24T09:25:15.591715141Z","ttl":28,"ips":["104.198.14.52"]},{"fqdn":"one.one.one.one.","lookup-time":"2024-10-24T09:24:43.422252095Z","expiration-time":"2024-10-24T09:25:13.422252095Z","ttl":30,"ips":["1.0.0.1","1.1.1.1"]},{"fqdn":"one.one.one.one.","lookup-time":"2024-10-24T09:24:43.422894466Z","expiration-time":"2024-10-24T09:25:13.422894466Z","ttl":30,"ips":["2606:4700:4700::1001","2606:4700:4700::1111"]}],"DNSZombies":{},"K8sPodName":"client2-57cf4468f-5khv7","K8sNamespace":"cilium-test-1","K8sUID":"474ce03d-9849-4385-9510-a09682b6094d","DatapathConfiguration":{},"CiliumEndpointUID":"bb06776f-345f-4b72-b3f0-2ac989f8520d","Properties":{},"NetnsCookie":7}