{"ID":2562,"ContainerName":"","dockerID":"0d15a2cb6355a7272b5c32d3555d8b379c7c9214a4b2bfdd6f3d722c9b2fb202","DockerNetworkID":"","DockerEndpointID":"","IfName":"lxcabcde6badbb0","IfIndex":12,"ContainerIfName":"eth0","DisableLegacyIdentifiers":false,"OpLabels":{"Custom":{},"OrchestrationIdentity":{"eks.amazonaws.com/component":{"key":"eks.amazonaws.com/component","value":"coredns","source":"k8s"},"io.cilium.k8s.namespace.labels.kubernetes.io/metadata.name":{"key":"io.cilium.k8s.namespace.labels.kubernetes.io/metadata.name","value":"kube-system","source":"k8s"},"io.cilium.k8s.policy.cluster":{"key":"io.cilium.k8s.policy.cluster","value":"cmesh9","source":"k8s"},"io.cilium.k8s.policy.serviceaccount":{"key":"io.cilium.k8s.policy.serviceaccount","value":"coredns","source":"k8s"},"io.kubernetes.pod.namespace":{"key":"io.kubernetes.pod.namespace","value":"kube-system","source":"k8s"},"k8s-app":{"key":"k8s-app","value":"kube-dns","source":"k8s"}},"Disabled":{},"OrchestrationInfo":{"pod-template-hash":{"key":"pod-template-hash","value":"cc6ccd49c","source":"k8s"}}},"LXCMAC":"26:47:01:ee:81:f6","IPv6":"","IPv6IPAMPool":"","IPv4":"10.8.0.180","IPv4IPAMPool":"default","NodeMAC":"8e:b4:07:6a:3d:b1","SecLabel":{"id":614716,"labels":{"eks.amazonaws.com/component":{"key":"eks.amazonaws.com/component","value":"coredns","source":"k8s"},"io.cilium.k8s.namespace.labels.kubernetes.io/metadata.name":{"key":"io.cilium.k8s.namespace.labels.kubernetes.io/metadata.name","value":"kube-system","source":"k8s"},"io.cilium.k8s.policy.cluster":{"key":"io.cilium.k8s.policy.cluster","value":"cmesh9","source":"k8s"},"io.cilium.k8s.policy.serviceaccount":{"key":"io.cilium.k8s.policy.serviceaccount","value":"coredns","source":"k8s"},"io.kubernetes.pod.namespace":{"key":"io.kubernetes.pod.namespace","value":"kube-system","source":"k8s"},"k8s-app":{"key":"k8s-app","value":"kube-dns","source":"k8s"}}},"Options":{"map":{"ConntrackAccounting":0,"ConntrackLocal":0,"Debug":0,"DebugLB":0,"DebugPolicy":0,"DropNotification":1,"MonitorAggregationLevel":3,"PolicyAccounting":1,"PolicyAuditMode":0,"PolicyVerdictNotification":1,"SourceIPVerification":1,"TraceNotification":1}},"DNSRules":{},"DNSRulesV2":{},"DNSHistory":[],"DNSZombies":{},"K8sPodName":"coredns-cc6ccd49c-tw2pr","K8sNamespace":"kube-system","K8sUID":"3b432955-5f44-4cf9-be5f-5dc8f1e806ac","DatapathConfiguration":{},"CiliumEndpointUID":"543d94f4-c47b-464f-a239-44f8a836da3e","Properties":{},"NetnsCookie":6}