{"ID":1673,"ContainerName":"","dockerID":"d49078068c6a561e240c6a93cb1cb0c7b064276f59cd49d356f838b2828f73e8","DockerNetworkID":"","DockerEndpointID":"","IfName":"lxc81d5b86e7885","IfIndex":19,"ContainerIfName":"eth0","DisableLegacyIdentifiers":false,"OpLabels":{"Custom":{},"OrchestrationIdentity":{"io.cilium.k8s.namespace.labels.app.kubernetes.io/name":{"key":"io.cilium.k8s.namespace.labels.app.kubernetes.io/name","value":"cilium-cli","source":"k8s"},"io.cilium.k8s.namespace.labels.kubernetes.io/metadata.name":{"key":"io.cilium.k8s.namespace.labels.kubernetes.io/metadata.name","value":"cilium-test-1","source":"k8s"},"io.cilium.k8s.policy.cluster":{"key":"io.cilium.k8s.policy.cluster","value":"cmesh8","source":"k8s"},"io.cilium.k8s.policy.serviceaccount":{"key":"io.cilium.k8s.policy.serviceaccount","value":"client2","source":"k8s"},"io.kubernetes.pod.namespace":{"key":"io.kubernetes.pod.namespace","value":"cilium-test-1","source":"k8s"},"kind":{"key":"kind","value":"client","source":"k8s"},"name":{"key":"name","value":"client2","source":"k8s"},"other":{"key":"other","value":"client","source":"k8s"}},"Disabled":{},"OrchestrationInfo":{"pod-template-hash":{"key":"pod-template-hash","value":"57cf4468f","source":"k8s"}}},"LXCMAC":"da:89:1e:8e:74:f3","IPv6":"","IPv6IPAMPool":"","IPv4":"10.7.0.6","IPv4IPAMPool":"default","NodeMAC":"3e:ce:b3:e8:a4:4a","SecLabel":{"id":528627,"labels":{"io.cilium.k8s.namespace.labels.app.kubernetes.io/name":{"key":"io.cilium.k8s.namespace.labels.app.kubernetes.io/name","value":"cilium-cli","source":"k8s"},"io.cilium.k8s.namespace.labels.kubernetes.io/metadata.name":{"key":"io.cilium.k8s.namespace.labels.kubernetes.io/metadata.name","value":"cilium-test-1","source":"k8s"},"io.cilium.k8s.policy.cluster":{"key":"io.cilium.k8s.policy.cluster","value":"cmesh8","source":"k8s"},"io.cilium.k8s.policy.serviceaccount":{"key":"io.cilium.k8s.policy.serviceaccount","value":"client2","source":"k8s"},"io.kubernetes.pod.namespace":{"key":"io.kubernetes.pod.namespace","value":"cilium-test-1","source":"k8s"},"kind":{"key":"kind","value":"client","source":"k8s"},"name":{"key":"name","value":"client2","source":"k8s"},"other":{"key":"other","value":"client","source":"k8s"}}},"Options":{"map":{"ConntrackAccounting":0,"ConntrackLocal":0,"Debug":0,"DebugLB":0,"DebugPolicy":0,"DropNotification":1,"MonitorAggregationLevel":3,"PolicyAccounting":1,"PolicyAuditMode":0,"PolicyVerdictNotification":1,"SourceIPVerification":1,"TraceNotification":1}},"DNSRules":{},"DNSRulesV2":{},"DNSHistory":[{"fqdn":"one.one.one.one.","lookup-time":"2024-10-24T09:24:44.717555769Z","expiration-time":"2024-10-24T09:24:51.717555769Z","ttl":7,"ips":["2606:4700:4700::1111","2606:4700:4700::1001"]},{"fqdn":"one.one.one.one.","lookup-time":"2024-10-24T09:24:44.717738294Z","expiration-time":"2024-10-24T09:24:51.717738294Z","ttl":7,"ips":["1.0.0.1","1.1.1.1"]},{"fqdn":"cilium.io.","lookup-time":"2024-10-24T09:24:48.878620553Z","expiration-time":"2024-10-24T09:25:16.878620553Z","ttl":28,"ips":["104.198.14.52"]}],"DNSZombies":{},"K8sPodName":"client2-57cf4468f-gwqrv","K8sNamespace":"cilium-test-1","K8sUID":"f5a3c996-1d49-4e33-b567-fab7c07480a4","DatapathConfiguration":{},"CiliumEndpointUID":"4b66aa87-97f1-4c71-b079-38df4efb2784","Properties":{},"NetnsCookie":8}