{"ID":2244,"ContainerName":"","dockerID":"0adb31fabf5fbd42f6938948329d97fc57486f2c038a068723058757c445d8cc","DockerNetworkID":"","DockerEndpointID":"","IfName":"lxcc608c6fd051b","IfIndex":22,"ContainerIfName":"eth0","DisableLegacyIdentifiers":false,"OpLabels":{"Custom":{},"OrchestrationIdentity":{"io.cilium.k8s.namespace.labels.app.kubernetes.io/name":{"key":"io.cilium.k8s.namespace.labels.app.kubernetes.io/name","value":"cilium-cli","source":"k8s"},"io.cilium.k8s.namespace.labels.kubernetes.io/metadata.name":{"key":"io.cilium.k8s.namespace.labels.kubernetes.io/metadata.name","value":"cilium-test-1","source":"k8s"},"io.cilium.k8s.policy.cluster":{"key":"io.cilium.k8s.policy.cluster","value":"cmesh118","source":"k8s"},"io.cilium.k8s.policy.serviceaccount":{"key":"io.cilium.k8s.policy.serviceaccount","value":"echo-same-node","source":"k8s"},"io.kubernetes.pod.namespace":{"key":"io.kubernetes.pod.namespace","value":"cilium-test-1","source":"k8s"},"kind":{"key":"kind","value":"echo","source":"k8s"},"name":{"key":"name","value":"echo-same-node","source":"k8s"},"other":{"key":"other","value":"echo","source":"k8s"}},"Disabled":{},"OrchestrationInfo":{"pod-template-hash":{"key":"pod-template-hash","value":"86d9cc975c","source":"k8s"}}},"LXCMAC":"86:70:db:97:73:62","IPv6":"","IPv6IPAMPool":"","IPv4":"10.117.0.125","IPv4IPAMPool":"default","NodeMAC":"e2:23:bc:79:52:5d","SecLabel":{"id":7748546,"labels":{"io.cilium.k8s.namespace.labels.app.kubernetes.io/name":{"key":"io.cilium.k8s.namespace.labels.app.kubernetes.io/name","value":"cilium-cli","source":"k8s"},"io.cilium.k8s.namespace.labels.kubernetes.io/metadata.name":{"key":"io.cilium.k8s.namespace.labels.kubernetes.io/metadata.name","value":"cilium-test-1","source":"k8s"},"io.cilium.k8s.policy.cluster":{"key":"io.cilium.k8s.policy.cluster","value":"cmesh118","source":"k8s"},"io.cilium.k8s.policy.serviceaccount":{"key":"io.cilium.k8s.policy.serviceaccount","value":"echo-same-node","source":"k8s"},"io.kubernetes.pod.namespace":{"key":"io.kubernetes.pod.namespace","value":"cilium-test-1","source":"k8s"},"kind":{"key":"kind","value":"echo","source":"k8s"},"name":{"key":"name","value":"echo-same-node","source":"k8s"},"other":{"key":"other","value":"echo","source":"k8s"}}},"Options":{"map":{"ConntrackAccounting":0,"ConntrackLocal":0,"Debug":0,"DebugLB":0,"DebugPolicy":0,"DropNotification":1,"MonitorAggregationLevel":3,"PolicyAccounting":1,"PolicyAuditMode":0,"PolicyVerdictNotification":1,"SourceIPVerification":1,"TraceNotification":1}},"DNSRules":{},"DNSRulesV2":{},"DNSHistory":[],"DNSZombies":{},"K8sPodName":"echo-same-node-86d9cc975c-c66wk","K8sNamespace":"cilium-test-1","K8sUID":"139159c2-30ad-4fef-8c56-7a97045945a6","DatapathConfiguration":{},"CiliumEndpointUID":"4be6e085-96c3-4f53-b2f3-ce7b6541813d","Properties":{},"NetnsCookie":4101}