{"ID":430,"ContainerName":"","dockerID":"187c992e2961eb487b7bb4fa7b97f596d8382fb03bb2180a468669500faca2fa","DockerNetworkID":"","DockerEndpointID":"","IfName":"lxcec93138bd48d","IfIndex":18,"ContainerIfName":"eth0","DisableLegacyIdentifiers":false,"OpLabels":{"Custom":{},"OrchestrationIdentity":{"app.kubernetes.io/name":{"key":"app.kubernetes.io/name","value":"clustermesh-apiserver","source":"k8s"},"app.kubernetes.io/part-of":{"key":"app.kubernetes.io/part-of","value":"cilium","source":"k8s"},"io.cilium.k8s.namespace.labels.kubernetes.io/metadata.name":{"key":"io.cilium.k8s.namespace.labels.kubernetes.io/metadata.name","value":"kube-system","source":"k8s"},"io.cilium.k8s.policy.cluster":{"key":"io.cilium.k8s.policy.cluster","value":"cmesh98","source":"k8s"},"io.cilium.k8s.policy.serviceaccount":{"key":"io.cilium.k8s.policy.serviceaccount","value":"clustermesh-apiserver","source":"k8s"},"io.kubernetes.pod.namespace":{"key":"io.kubernetes.pod.namespace","value":"kube-system","source":"k8s"},"k8s-app":{"key":"k8s-app","value":"clustermesh-apiserver","source":"k8s"}},"Disabled":{},"OrchestrationInfo":{"pod-template-hash":{"key":"pod-template-hash","value":"5f4b96578","source":"k8s"}}},"LXCMAC":"4e:f1:80:c8:b0:7a","IPv6":"","IPv6IPAMPool":"","IPv4":"10.97.0.222","IPv4IPAMPool":"default","NodeMAC":"be:2a:45:4e:55:d3","SecLabel":{"id":6454857,"labels":{"app.kubernetes.io/name":{"key":"app.kubernetes.io/name","value":"clustermesh-apiserver","source":"k8s"},"app.kubernetes.io/part-of":{"key":"app.kubernetes.io/part-of","value":"cilium","source":"k8s"},"io.cilium.k8s.namespace.labels.kubernetes.io/metadata.name":{"key":"io.cilium.k8s.namespace.labels.kubernetes.io/metadata.name","value":"kube-system","source":"k8s"},"io.cilium.k8s.policy.cluster":{"key":"io.cilium.k8s.policy.cluster","value":"cmesh98","source":"k8s"},"io.cilium.k8s.policy.serviceaccount":{"key":"io.cilium.k8s.policy.serviceaccount","value":"clustermesh-apiserver","source":"k8s"},"io.kubernetes.pod.namespace":{"key":"io.kubernetes.pod.namespace","value":"kube-system","source":"k8s"},"k8s-app":{"key":"k8s-app","value":"clustermesh-apiserver","source":"k8s"}}},"Options":{"map":{"ConntrackAccounting":0,"ConntrackLocal":0,"Debug":0,"DebugLB":0,"DebugPolicy":0,"DropNotification":1,"MonitorAggregationLevel":3,"PolicyAccounting":1,"PolicyAuditMode":0,"PolicyVerdictNotification":1,"SourceIPVerification":1,"TraceNotification":1}},"DNSRules":{},"DNSRulesV2":{},"DNSHistory":[],"DNSZombies":{},"K8sPodName":"clustermesh-apiserver-5f4b96578-qqwxf","K8sNamespace":"kube-system","K8sUID":"78dc2954-3336-4bab-8ac8-ea52f67fb240","DatapathConfiguration":{},"CiliumEndpointUID":"","Properties":{},"NetnsCookie":5}