{"ID":213,"ContainerName":"","dockerID":"726c85339dfa3b8ed347fa08cc5991f5a1013c7394052119418b3bff573ff6ee","DockerNetworkID":"","DockerEndpointID":"","IfName":"lxc64a26b290c9f","IfIndex":14,"ContainerIfName":"eth0","DisableLegacyIdentifiers":false,"OpLabels":{"Custom":{},"OrchestrationIdentity":{"eks.amazonaws.com/component":{"key":"eks.amazonaws.com/component","value":"coredns","source":"k8s"},"io.cilium.k8s.namespace.labels.kubernetes.io/metadata.name":{"key":"io.cilium.k8s.namespace.labels.kubernetes.io/metadata.name","value":"kube-system","source":"k8s"},"io.cilium.k8s.policy.cluster":{"key":"io.cilium.k8s.policy.cluster","value":"cmesh37","source":"k8s"},"io.cilium.k8s.policy.serviceaccount":{"key":"io.cilium.k8s.policy.serviceaccount","value":"coredns","source":"k8s"},"io.kubernetes.pod.namespace":{"key":"io.kubernetes.pod.namespace","value":"kube-system","source":"k8s"},"k8s-app":{"key":"k8s-app","value":"kube-dns","source":"k8s"}},"Disabled":{},"OrchestrationInfo":{"pod-template-hash":{"key":"pod-template-hash","value":"cc6ccd49c","source":"k8s"}}},"LXCMAC":"4a:83:82:b7:bf:de","IPv6":"","IPv6IPAMPool":"","IPv4":"10.36.0.114","IPv4IPAMPool":"default","NodeMAC":"66:cd:c7:3e:99:e6","SecLabel":{"id":2448634,"labels":{"eks.amazonaws.com/component":{"key":"eks.amazonaws.com/component","value":"coredns","source":"k8s"},"io.cilium.k8s.namespace.labels.kubernetes.io/metadata.name":{"key":"io.cilium.k8s.namespace.labels.kubernetes.io/metadata.name","value":"kube-system","source":"k8s"},"io.cilium.k8s.policy.cluster":{"key":"io.cilium.k8s.policy.cluster","value":"cmesh37","source":"k8s"},"io.cilium.k8s.policy.serviceaccount":{"key":"io.cilium.k8s.policy.serviceaccount","value":"coredns","source":"k8s"},"io.kubernetes.pod.namespace":{"key":"io.kubernetes.pod.namespace","value":"kube-system","source":"k8s"},"k8s-app":{"key":"k8s-app","value":"kube-dns","source":"k8s"}}},"Options":{"map":{"ConntrackAccounting":0,"ConntrackLocal":0,"Debug":0,"DebugLB":0,"DebugPolicy":0,"DropNotification":1,"MonitorAggregationLevel":3,"PolicyAccounting":1,"PolicyAuditMode":0,"PolicyVerdictNotification":1,"SourceIPVerification":1,"TraceNotification":1}},"DNSRules":{},"DNSRulesV2":{},"DNSHistory":[],"DNSZombies":{},"K8sPodName":"coredns-cc6ccd49c-lj52n","K8sNamespace":"kube-system","K8sUID":"92ce7754-4e76-44fc-a706-56d57c0570cd","DatapathConfiguration":{},"CiliumEndpointUID":"e35e65c9-4764-4bf7-b40d-262e658765c9","Properties":{},"NetnsCookie":4100}