{"ID":3315,"ContainerName":"","dockerID":"df17fac9386a4e47f9ff7797ff48c8221615035871cdcf3e141d7408e14dc084","DockerNetworkID":"","DockerEndpointID":"","IfName":"lxc880a520dcd43","IfIndex":12,"ContainerIfName":"eth0","DisableLegacyIdentifiers":false,"OpLabels":{"Custom":{},"OrchestrationIdentity":{"eks.amazonaws.com/component":{"key":"eks.amazonaws.com/component","value":"coredns","source":"k8s"},"io.cilium.k8s.namespace.labels.kubernetes.io/metadata.name":{"key":"io.cilium.k8s.namespace.labels.kubernetes.io/metadata.name","value":"kube-system","source":"k8s"},"io.cilium.k8s.policy.cluster":{"key":"io.cilium.k8s.policy.cluster","value":"cmesh73","source":"k8s"},"io.cilium.k8s.policy.serviceaccount":{"key":"io.cilium.k8s.policy.serviceaccount","value":"coredns","source":"k8s"},"io.kubernetes.pod.namespace":{"key":"io.kubernetes.pod.namespace","value":"kube-system","source":"k8s"},"k8s-app":{"key":"k8s-app","value":"kube-dns","source":"k8s"}},"Disabled":{},"OrchestrationInfo":{"pod-template-hash":{"key":"pod-template-hash","value":"cc6ccd49c","source":"k8s"}}},"LXCMAC":"8e:26:a6:ef:50:53","IPv6":"","IPv6IPAMPool":"","IPv4":"10.72.0.150","IPv4IPAMPool":"default","NodeMAC":"12:79:c5:ff:58:1a","SecLabel":{"id":4819744,"labels":{"eks.amazonaws.com/component":{"key":"eks.amazonaws.com/component","value":"coredns","source":"k8s"},"io.cilium.k8s.namespace.labels.kubernetes.io/metadata.name":{"key":"io.cilium.k8s.namespace.labels.kubernetes.io/metadata.name","value":"kube-system","source":"k8s"},"io.cilium.k8s.policy.cluster":{"key":"io.cilium.k8s.policy.cluster","value":"cmesh73","source":"k8s"},"io.cilium.k8s.policy.serviceaccount":{"key":"io.cilium.k8s.policy.serviceaccount","value":"coredns","source":"k8s"},"io.kubernetes.pod.namespace":{"key":"io.kubernetes.pod.namespace","value":"kube-system","source":"k8s"},"k8s-app":{"key":"k8s-app","value":"kube-dns","source":"k8s"}}},"Options":{"map":{"ConntrackAccounting":0,"ConntrackLocal":0,"Debug":0,"DebugLB":0,"DebugPolicy":0,"DropNotification":1,"MonitorAggregationLevel":3,"PolicyAccounting":1,"PolicyAuditMode":0,"PolicyVerdictNotification":1,"SourceIPVerification":1,"TraceNotification":1}},"DNSRules":{},"DNSRulesV2":{},"DNSHistory":[],"DNSZombies":{},"K8sPodName":"coredns-cc6ccd49c-g824h","K8sNamespace":"kube-system","K8sUID":"b964fae3-ca05-4ab2-8efa-d8e570c6a947","DatapathConfiguration":{},"CiliumEndpointUID":"f64f12f8-e706-40de-8b39-cf29cc570106","Properties":{},"NetnsCookie":6}