{"ID":1461,"ContainerName":"","DockerNetworkID":"","DockerEndpointID":"","IfName":"cilium_host","IfIndex":0,"ContainerIfName":"","DisableLegacyIdentifiers":false,"OpLabels":{"Custom":{},"OrchestrationIdentity":{"host":{"key":"host","source":"reserved"},"node.kubernetes.io/instance-type":{"key":"node.kubernetes.io/instance-type","value":"t4g.medium","source":"k8s"},"topology.k8s.aws/zone-id":{"key":"topology.k8s.aws/zone-id","value":"use1-az1","source":"k8s"},"topology.kubernetes.io/region":{"key":"topology.kubernetes.io/region","value":"us-east-1","source":"k8s"},"topology.kubernetes.io/zone":{"key":"topology.kubernetes.io/zone","value":"us-east-1a","source":"k8s"}},"Disabled":{},"OrchestrationInfo":{"host":{"key":"host","source":"reserved"},"node.kubernetes.io/instance-type":{"key":"node.kubernetes.io/instance-type","value":"t4g.medium","source":"k8s"},"topology.k8s.aws/zone-id":{"key":"topology.k8s.aws/zone-id","value":"use1-az1","source":"k8s"},"topology.kubernetes.io/region":{"key":"topology.kubernetes.io/region","value":"us-east-1","source":"k8s"},"topology.kubernetes.io/zone":{"key":"topology.kubernetes.io/zone","value":"us-east-1a","source":"k8s"}}},"LXCMAC":"ba:a5:12:fe:c3:13","IPv6":"","IPv6IPAMPool":"","IPv4":"","IPv4IPAMPool":"","NodeMAC":"ba:a5:12:fe:c3:13","SecLabel":{"id":1,"labels":{"host":{"key":"host","source":"reserved"},"node.kubernetes.io/instance-type":{"key":"node.kubernetes.io/instance-type","value":"t4g.medium","source":"k8s"},"topology.k8s.aws/zone-id":{"key":"topology.k8s.aws/zone-id","value":"use1-az1","source":"k8s"},"topology.kubernetes.io/region":{"key":"topology.kubernetes.io/region","value":"us-east-1","source":"k8s"},"topology.kubernetes.io/zone":{"key":"topology.kubernetes.io/zone","value":"us-east-1a","source":"k8s"}}},"Options":{"map":{"ConntrackAccounting":0,"ConntrackLocal":0,"Debug":0,"DebugLB":0,"DebugPolicy":0,"DropNotification":1,"MonitorAggregationLevel":3,"PolicyAccounting":1,"PolicyAuditMode":0,"PolicyVerdictNotification":1,"SourceIPVerification":1,"TraceNotification":1}},"DNSRules":{},"DNSRulesV2":{},"DNSHistory":[],"DNSZombies":{},"K8sPodName":"","K8sNamespace":"","K8sUID":"","DatapathConfiguration":{},"CiliumEndpointUID":"","Properties":{},"NetnsCookie":0}