[
  {
    "config": {
      "cluster-id": 2,
      "required": true,
      "retrieved": true,
      "sync-canaries": true
    },
    "connected": true,
    "last-failure": "2024-10-24T09:18:49.272Z",
    "name": "cmesh2",
    "num-endpoints": 6,
    "num-failures": 1,
    "num-identities": 5,
    "num-nodes": 1,
    "ready": true,
    "status": "etcd: 1/1 connected, leases=0, lock leases=1, has-quorum=true: endpoint status checks are disabled, ID: 446817dd4098122e",
    "synced": {
      "endpoints": true,
      "identities": true,
      "nodes": true,
      "services": true
    }
  },
  {
    "config": {
      "cluster-id": 3,
      "required": true,
      "retrieved": true,
      "sync-canaries": true
    },
    "connected": true,
    "last-failure": "2024-10-24T09:18:42.934Z",
    "name": "cmesh3",
    "num-endpoints": 6,
    "num-failures": 1,
    "num-identities": 5,
    "num-nodes": 1,
    "ready": true,
    "status": "etcd: 1/1 connected, leases=0, lock leases=1, has-quorum=true: endpoint status checks are disabled, ID: 34c9eb74c9baac8e",
    "synced": {
      "endpoints": true,
      "identities": true,
      "nodes": true,
      "services": true
    }
  },
  {
    "config": {
      "cluster-id": 4,
      "required": true,
      "retrieved": true,
      "sync-canaries": true
    },
    "connected": true,
    "last-failure": "2024-10-24T09:18:52.075Z",
    "name": "cmesh4",
    "num-endpoints": 6,
    "num-failures": 1,
    "num-identities": 5,
    "num-nodes": 1,
    "ready": true,
    "status": "etcd: 1/1 connected, leases=0, lock leases=1, has-quorum=true: endpoint status checks are disabled, ID: 6185da4bad1b3291",
    "synced": {
      "endpoints": true,
      "identities": true,
      "nodes": true,
      "services": true
    }
  },
  {
    "config": {
      "cluster-id": 5,
      "required": true,
      "retrieved": true,
      "sync-canaries": true
    },
    "connected": true,
    "last-failure": "2024-10-24T09:18:52.204Z",
    "name": "cmesh5",
    "num-endpoints": 6,
    "num-failures": 1,
    "num-identities": 5,
    "num-nodes": 1,
    "ready": true,
    "status": "etcd: 1/1 connected, leases=0, lock leases=1, has-quorum=true: endpoint status checks are disabled, ID: 1dbd52b2832d1c57",
    "synced": {
      "endpoints": true,
      "identities": true,
      "nodes": true,
      "services": true
    }
  },
  {
    "config": {
      "cluster-id": 6,
      "required": true,
      "retrieved": true,
      "sync-canaries": true
    },
    "connected": true,
    "last-failure": "2024-10-24T09:19:06.278Z",
    "name": "cmesh6",
    "num-endpoints": 6,
    "num-failures": 1,
    "num-identities": 5,
    "num-nodes": 1,
    "ready": true,
    "status": "etcd: 1/1 connected, leases=0, lock leases=1, has-quorum=true: endpoint status checks are disabled, ID: 41872c21071c9da8",
    "synced": {
      "endpoints": true,
      "identities": true,
      "nodes": true,
      "services": true
    }
  },
  {
    "config": {
      "cluster-id": 7,
      "required": true,
      "retrieved": true,
      "sync-canaries": true
    },
    "connected": true,
    "last-failure": "2024-10-24T09:19:00.968Z",
    "name": "cmesh7",
    "num-endpoints": 6,
    "num-failures": 1,
    "num-identities": 5,
    "num-nodes": 1,
    "ready": true,
    "status": "etcd: 1/1 connected, leases=0, lock leases=1, has-quorum=true: endpoint status checks are disabled, ID: f314d48ce753332d",
    "synced": {
      "endpoints": true,
      "identities": true,
      "nodes": true,
      "services": true
    }
  },
  {
    "config": {
      "cluster-id": 8,
      "required": true,
      "retrieved": true,
      "sync-canaries": true
    },
    "connected": true,
    "last-failure": "2024-10-24T09:19:08.020Z",
    "name": "cmesh8",
    "num-endpoints": 6,
    "num-failures": 1,
    "num-identities": 5,
    "num-nodes": 1,
    "ready": true,
    "status": "etcd: 1/1 connected, leases=0, lock leases=1, has-quorum=true: endpoint status checks are disabled, ID: d22dc02a137dc9dc",
    "synced": {
      "endpoints": true,
      "identities": true,
      "nodes": true,
      "services": true
    }
  }
]

