[
  {
    "config": {
      "cluster-id": 1,
      "required": true,
      "retrieved": true,
      "sync-canaries": true
    },
    "connected": true,
    "last-failure": "0001-01-01T00:00:00.000Z",
    "name": "cmesh1",
    "num-endpoints": 3,
    "num-identities": 2,
    "num-nodes": 1,
    "ready": true,
    "status": "etcd: 1/1 connected, leases=0, lock leases=1, has-quorum=true: endpoint status checks are disabled, ID: fe98a5a3055bdf8a",
    "synced": {
      "endpoints": true,
      "identities": true,
      "nodes": true,
      "services": true
    }
  },
  {
    "config": {
      "cluster-id": 10,
      "required": true,
      "retrieved": true,
      "sync-canaries": true
    },
    "connected": true,
    "last-failure": "2024-10-25T10:23:00.467Z",
    "name": "cmesh10",
    "num-endpoints": 3,
    "num-failures": 1,
    "num-identities": 2,
    "num-nodes": 1,
    "ready": true,
    "status": "etcd: 1/1 connected, leases=0, lock leases=1, has-quorum=true: endpoint status checks are disabled, ID: 9983d591715235ad",
    "synced": {
      "endpoints": true,
      "identities": true,
      "nodes": true,
      "services": true
    }
  },
  {
    "config": {
      "cluster-id": 100,
      "required": true,
      "retrieved": true,
      "sync-canaries": true
    },
    "connected": true,
    "last-failure": "0001-01-01T00:00:00.000Z",
    "name": "cmesh100",
    "num-endpoints": 3,
    "num-identities": 2,
    "num-nodes": 1,
    "ready": true,
    "status": "etcd: 1/1 connected, leases=0, lock leases=1, has-quorum=true: endpoint status checks are disabled, ID: 5c654da506d51ab3",
    "synced": {
      "endpoints": true,
      "identities": true,
      "nodes": true,
      "services": true
    }
  },
  {
    "config": {
      "cluster-id": 101,
      "required": true,
      "retrieved": true,
      "sync-canaries": true
    },
    "connected": true,
    "last-failure": "0001-01-01T00:00:00.000Z",
    "name": "cmesh101",
    "num-endpoints": 3,
    "num-identities": 2,
    "num-nodes": 1,
    "ready": true,
    "status": "etcd: 1/1 connected, leases=0, lock leases=1, has-quorum=true: endpoint status checks are disabled, ID: 363efd893a1de5b2",
    "synced": {
      "endpoints": true,
      "identities": true,
      "nodes": true,
      "services": true
    }
  },
  {
    "config": {
      "cluster-id": 102,
      "required": true,
      "retrieved": true,
      "sync-canaries": true
    },
    "connected": true,
    "last-failure": "0001-01-01T00:00:00.000Z",
    "name": "cmesh102",
    "num-endpoints": 3,
    "num-identities": 2,
    "num-nodes": 1,
    "ready": true,
    "status": "etcd: 1/1 connected, leases=0, lock leases=1, has-quorum=true: endpoint status checks are disabled, ID: bd8a00268370430a",
    "synced": {
      "endpoints": true,
      "identities": true,
      "nodes": true,
      "services": true
    }
  },
  {
    "config": {
      "cluster-id": 104,
      "required": true,
      "retrieved": true,
      "sync-canaries": true
    },
    "connected": true,
    "last-failure": "2024-10-25T10:23:18.521Z",
    "name": "cmesh104",
    "num-endpoints": 3,
    "num-failures": 1,
    "num-identities": 2,
    "num-nodes": 1,
    "ready": true,
    "status": "etcd: 1/1 connected, leases=0, lock leases=1, has-quorum=true: endpoint status checks are disabled, ID: b57682c39b7411d7",
    "synced": {
      "endpoints": true,
      "identities": true,
      "nodes": true,
      "services": true
    }
  },
  {
    "config": {
      "cluster-id": 105,
      "required": true,
      "retrieved": true,
      "sync-canaries": true
    },
    "connected": true,
    "last-failure": "0001-01-01T00:00:00.000Z",
    "name": "cmesh105",
    "num-endpoints": 3,
    "num-identities": 2,
    "num-nodes": 1,
    "ready": true,
    "status": "etcd: 1/1 connected, leases=0, lock leases=1, has-quorum=true: endpoint status checks are disabled, ID: 82aee3bcc46ad602",
    "synced": {
      "endpoints": true,
      "identities": true,
      "nodes": true,
      "services": true
    }
  },
  {
    "config": {
      "cluster-id": 106,
      "required": true,
      "retrieved": true,
      "sync-canaries": true
    },
    "connected": true,
    "last-failure": "0001-01-01T00:00:00.000Z",
    "name": "cmesh106",
    "num-endpoints": 3,
    "num-identities": 2,
    "num-nodes": 1,
    "ready": true,
    "status": "etcd: 1/1 connected, leases=0, lock leases=1, has-quorum=true: endpoint status checks are disabled, ID: ec7c06b0f3c9c185",
    "synced": {
      "endpoints": true,
      "identities": true,
      "nodes": true,
      "services": true
    }
  },
  {
    "config": {
      "cluster-id": 107,
      "required": true,
      "retrieved": true,
      "sync-canaries": true
    },
    "connected": true,
    "last-failure": "0001-01-01T00:00:00.000Z",
    "name": "cmesh107",
    "num-endpoints": 3,
    "num-identities": 2,
    "num-nodes": 1,
    "ready": true,
    "status": "etcd: 1/1 connected, leases=0, lock leases=1, has-quorum=true: endpoint status checks are disabled, ID: fe51b8e920edae9f",
    "synced": {
      "endpoints": true,
      "identities": true,
      "nodes": true,
      "services": true
    }
  },
  {
    "config": {
      "cluster-id": 108,
      "required": true,
      "retrieved": true,
      "sync-canaries": true
    },
    "connected": true,
    "last-failure": "0001-01-01T00:00:00.000Z",
    "name": "cmesh108",
    "num-endpoints": 3,
    "num-identities": 2,
    "num-nodes": 1,
    "ready": true,
    "status": "etcd: 1/1 connected, leases=0, lock leases=1, has-quorum=true: endpoint status checks are disabled, ID: 908a98bf7ae55151",
    "synced": {
      "endpoints": true,
      "identities": true,
      "nodes": true,
      "services": true
    }
  },
  {
    "config": {
      "cluster-id": 109,
      "required": true,
      "retrieved": true,
      "sync-canaries": true
    },
    "connected": true,
    "last-failure": "2024-10-25T10:23:09.458Z",
    "name": "cmesh109",
    "num-endpoints": 3,
    "num-failures": 1,
    "num-identities": 2,
    "num-nodes": 1,
    "ready": true,
    "status": "etcd: 1/1 connected, leases=0, lock leases=1, has-quorum=true: endpoint status checks are disabled, ID: c589cfcc6dc7f156",
    "synced": {
      "endpoints": true,
      "identities": true,
      "nodes": true,
      "services": true
    }
  },
  {
    "config": {
      "cluster-id": 11,
      "required": true,
      "retrieved": true,
      "sync-canaries": true
    },
    "connected": true,
    "last-failure": "2024-10-25T10:23:05.700Z",
    "name": "cmesh11",
    "num-endpoints": 3,
    "num-failures": 1,
    "num-identities": 2,
    "num-nodes": 1,
    "ready": true,
    "status": "etcd: 1/1 connected, leases=0, lock leases=1, has-quorum=true: endpoint status checks are disabled, ID: 2643b3be3aea4893",
    "synced": {
      "endpoints": true,
      "identities": true,
      "nodes": true,
      "services": true
    }
  },
  {
    "config": {
      "cluster-id": 110,
      "required": true,
      "retrieved": true,
      "sync-canaries": true
    },
    "connected": true,
    "last-failure": "2024-10-25T10:23:19.536Z",
    "name": "cmesh110",
    "num-endpoints": 3,
    "num-failures": 1,
    "num-identities": 2,
    "num-nodes": 1,
    "ready": true,
    "status": "etcd: 1/1 connected, leases=0, lock leases=1, has-quorum=true: endpoint status checks are disabled, ID: e1fc682efe1e368c",
    "synced": {
      "endpoints": true,
      "identities": true,
      "nodes": true,
      "services": true
    }
  },
  {
    "config": {
      "cluster-id": 111,
      "required": true,
      "retrieved": true,
      "sync-canaries": true
    },
    "connected": true,
    "last-failure": "2024-10-25T10:23:20.578Z",
    "name": "cmesh111",
    "num-endpoints": 3,
    "num-failures": 1,
    "num-identities": 2,
    "num-nodes": 1,
    "ready": true,
    "status": "etcd: 1/1 connected, leases=0, lock leases=1, has-quorum=true: endpoint status checks are disabled, ID: 764d61f4b9089615",
    "synced": {
      "endpoints": true,
      "identities": true,
      "nodes": true,
      "services": true
    }
  },
  {
    "config": {
      "cluster-id": 112,
      "required": true,
      "retrieved": true,
      "sync-canaries": true
    },
    "connected": true,
    "last-failure": "0001-01-01T00:00:00.000Z",
    "name": "cmesh112",
    "num-endpoints": 3,
    "num-identities": 2,
    "num-nodes": 1,
    "ready": true,
    "status": "etcd: 1/1 connected, leases=0, lock leases=1, has-quorum=true: endpoint status checks are disabled, ID: 1ea713c6d391af44",
    "synced": {
      "endpoints": true,
      "identities": true,
      "nodes": true,
      "services": true
    }
  },
  {
    "config": {
      "cluster-id": 113,
      "required": true,
      "retrieved": true,
      "sync-canaries": true
    },
    "connected": true,
    "last-failure": "0001-01-01T00:00:00.000Z",
    "name": "cmesh113",
    "num-endpoints": 3,
    "num-identities": 2,
    "num-nodes": 1,
    "ready": true,
    "status": "etcd: 1/1 connected, leases=0, lock leases=1, has-quorum=true: endpoint status checks are disabled, ID: 231e4400f20f7cfd",
    "synced": {
      "endpoints": true,
      "identities": true,
      "nodes": true,
      "services": true
    }
  },
  {
    "config": {
      "cluster-id": 114,
      "required": true,
      "retrieved": true,
      "sync-canaries": true
    },
    "connected": true,
    "last-failure": "2024-10-25T10:23:22.621Z",
    "name": "cmesh114",
    "num-endpoints": 3,
    "num-failures": 1,
    "num-identities": 2,
    "num-nodes": 1,
    "ready": true,
    "status": "etcd: 1/1 connected, leases=0, lock leases=1, has-quorum=true: endpoint status checks are disabled, ID: 8b84fba289242927",
    "synced": {
      "endpoints": true,
      "identities": true,
      "nodes": true,
      "services": true
    }
  },
  {
    "config": {
      "cluster-id": 115,
      "required": true,
      "retrieved": true,
      "sync-canaries": true
    },
    "connected": true,
    "last-failure": "0001-01-01T00:00:00.000Z",
    "name": "cmesh115",
    "num-endpoints": 3,
    "num-identities": 2,
    "num-nodes": 1,
    "ready": true,
    "status": "etcd: 1/1 connected, leases=0, lock leases=1, has-quorum=true: endpoint status checks are disabled, ID: f798680a7c7868e1",
    "synced": {
      "endpoints": true,
      "identities": true,
      "nodes": true,
      "services": true
    }
  },
  {
    "config": {
      "cluster-id": 116,
      "required": true,
      "retrieved": true,
      "sync-canaries": true
    },
    "connected": true,
    "last-failure": "0001-01-01T00:00:00.000Z",
    "name": "cmesh116",
    "num-endpoints": 3,
    "num-identities": 2,
    "num-nodes": 1,
    "ready": true,
    "status": "etcd: 1/1 connected, leases=0, lock leases=1, has-quorum=true: endpoint status checks are disabled, ID: 57fe61aa753a3be4",
    "synced": {
      "endpoints": true,
      "identities": true,
      "nodes": true,
      "services": true
    }
  },
  {
    "config": {
      "cluster-id": 117,
      "required": true,
      "retrieved": true,
      "sync-canaries": true
    },
    "connected": true,
    "last-failure": "0001-01-01T00:00:00.000Z",
    "name": "cmesh117",
    "num-endpoints": 3,
    "num-identities": 2,
    "num-nodes": 1,
    "ready": true,
    "status": "etcd: 1/1 connected, leases=0, lock leases=1, has-quorum=true: endpoint status checks are disabled, ID: 34ba2dd20a370c1d",
    "synced": {
      "endpoints": true,
      "identities": true,
      "nodes": true,
      "services": true
    }
  },
  {
    "config": {
      "cluster-id": 118,
      "required": true,
      "retrieved": true,
      "sync-canaries": true
    },
    "connected": true,
    "last-failure": "0001-01-01T00:00:00.000Z",
    "name": "cmesh118",
    "num-endpoints": 3,
    "num-identities": 2,
    "num-nodes": 1,
    "ready": true,
    "status": "etcd: 1/1 connected, leases=0, lock leases=1, has-quorum=true: endpoint status checks are disabled, ID: f9842b6cd7ebe13e",
    "synced": {
      "endpoints": true,
      "identities": true,
      "nodes": true,
      "services": true
    }
  },
  {
    "config": {
      "cluster-id": 119,
      "required": true,
      "retrieved": true,
      "sync-canaries": true
    },
    "connected": true,
    "last-failure": "2024-10-25T10:23:08.880Z",
    "name": "cmesh119",
    "num-endpoints": 3,
    "num-failures": 1,
    "num-identities": 2,
    "num-nodes": 1,
    "ready": true,
    "status": "etcd: 1/1 connected, leases=0, lock leases=1, has-quorum=true: endpoint status checks are disabled, ID: 23de355246ab1761",
    "synced": {
      "endpoints": true,
      "identities": true,
      "nodes": true,
      "services": true
    }
  },
  {
    "config": {
      "cluster-id": 12,
      "required": true,
      "retrieved": true,
      "sync-canaries": true
    },
    "connected": true,
    "last-failure": "2024-10-25T10:23:24.492Z",
    "name": "cmesh12",
    "num-endpoints": 3,
    "num-failures": 1,
    "num-identities": 2,
    "num-nodes": 1,
    "ready": true,
    "status": "etcd: 1/1 connected, leases=0, lock leases=1, has-quorum=true: endpoint status checks are disabled, ID: 6abb20e46ea7bc60",
    "synced": {
      "endpoints": true,
      "identities": true,
      "nodes": true,
      "services": true
    }
  },
  {
    "config": {
      "cluster-id": 120,
      "required": true,
      "retrieved": true,
      "sync-canaries": true
    },
    "connected": true,
    "last-failure": "2024-10-25T10:23:08.657Z",
    "name": "cmesh120",
    "num-endpoints": 3,
    "num-failures": 1,
    "num-identities": 2,
    "num-nodes": 1,
    "ready": true,
    "status": "etcd: 1/1 connected, leases=0, lock leases=1, has-quorum=true: endpoint status checks are disabled, ID: 775f4394a59d0ab3",
    "synced": {
      "endpoints": true,
      "identities": true,
      "nodes": true,
      "services": true
    }
  },
  {
    "config": {
      "cluster-id": 121,
      "required": true,
      "retrieved": true,
      "sync-canaries": true
    },
    "connected": true,
    "last-failure": "0001-01-01T00:00:00.000Z",
    "name": "cmesh121",
    "num-endpoints": 3,
    "num-identities": 2,
    "num-nodes": 1,
    "ready": true,
    "status": "etcd: 1/1 connected, leases=0, lock leases=1, has-quorum=true: endpoint status checks are disabled, ID: 90ce570e63ce0608",
    "synced": {
      "endpoints": true,
      "identities": true,
      "nodes": true,
      "services": true
    }
  },
  {
    "config": {
      "cluster-id": 122,
      "required": true,
      "retrieved": true,
      "sync-canaries": true
    },
    "connected": true,
    "last-failure": "0001-01-01T00:00:00.000Z",
    "name": "cmesh122",
    "num-endpoints": 3,
    "num-identities": 2,
    "num-nodes": 1,
    "ready": true,
    "status": "etcd: 1/1 connected, leases=0, lock leases=1, has-quorum=true: endpoint status checks are disabled, ID: f8d76b5ef48bb577",
    "synced": {
      "endpoints": true,
      "identities": true,
      "nodes": true,
      "services": true
    }
  },
  {
    "config": {
      "cluster-id": 123,
      "required": true,
      "retrieved": true,
      "sync-canaries": true
    },
    "connected": true,
    "last-failure": "0001-01-01T00:00:00.000Z",
    "name": "cmesh123",
    "num-endpoints": 3,
    "num-identities": 2,
    "num-nodes": 1,
    "ready": true,
    "status": "etcd: 1/1 connected, leases=0, lock leases=1, has-quorum=true: endpoint status checks are disabled, ID: b6e402709a10b791",
    "synced": {
      "endpoints": true,
      "identities": true,
      "nodes": true,
      "services": true
    }
  },
  {
    "config": {
      "cluster-id": 124,
      "required": true,
      "retrieved": true,
      "sync-canaries": true
    },
    "connected": true,
    "last-failure": "2024-10-25T10:23:07.258Z",
    "name": "cmesh124",
    "num-endpoints": 3,
    "num-failures": 1,
    "num-identities": 2,
    "num-nodes": 1,
    "ready": true,
    "status": "etcd: 1/1 connected, leases=0, lock leases=1, has-quorum=true: endpoint status checks are disabled, ID: 7f1489ac7f2d52ff",
    "synced": {
      "endpoints": true,
      "identities": true,
      "nodes": true,
      "services": true
    }
  },
  {
    "config": {
      "cluster-id": 125,
      "required": true,
      "retrieved": true,
      "sync-canaries": true
    },
    "connected": true,
    "last-failure": "2024-10-25T10:23:09.284Z",
    "name": "cmesh125",
    "num-endpoints": 3,
    "num-failures": 1,
    "num-identities": 2,
    "num-nodes": 1,
    "ready": true,
    "status": "etcd: 1/1 connected, leases=0, lock leases=1, has-quorum=true: endpoint status checks are disabled, ID: 439acebdde20c7ad",
    "synced": {
      "endpoints": true,
      "identities": true,
      "nodes": true,
      "services": true
    }
  },
  {
    "config": {
      "cluster-id": 126,
      "required": true,
      "retrieved": true,
      "sync-canaries": true
    },
    "connected": true,
    "last-failure": "0001-01-01T00:00:00.000Z",
    "name": "cmesh126",
    "num-endpoints": 3,
    "num-identities": 2,
    "num-nodes": 1,
    "ready": true,
    "status": "etcd: 1/1 connected, leases=0, lock leases=1, has-quorum=true: endpoint status checks are disabled, ID: 8c2e5b76682ad92a",
    "synced": {
      "endpoints": true,
      "identities": true,
      "nodes": true,
      "services": true
    }
  },
  {
    "config": {
      "cluster-id": 127,
      "required": true,
      "retrieved": true,
      "sync-canaries": true
    },
    "connected": true,
    "last-failure": "0001-01-01T00:00:00.000Z",
    "name": "cmesh127",
    "num-endpoints": 3,
    "num-identities": 2,
    "num-nodes": 1,
    "ready": true,
    "status": "etcd: 1/1 connected, leases=0, lock leases=1, has-quorum=true: endpoint status checks are disabled, ID: b678b7f71543c373",
    "synced": {
      "endpoints": true,
      "identities": true,
      "nodes": true,
      "services": true
    }
  },
  {
    "config": {
      "cluster-id": 128,
      "required": true,
      "retrieved": true,
      "sync-canaries": true
    },
    "connected": true,
    "last-failure": "0001-01-01T00:00:00.000Z",
    "name": "cmesh128",
    "num-endpoints": 3,
    "num-identities": 2,
    "num-nodes": 1,
    "ready": true,
    "status": "etcd: 1/1 connected, leases=0, lock leases=1, has-quorum=true: endpoint status checks are disabled, ID: 9d539655e78fe7fe",
    "synced": {
      "endpoints": true,
      "identities": true,
      "nodes": true,
      "services": true
    }
  },
  {
    "config": {
      "cluster-id": 13,
      "required": true,
      "retrieved": true,
      "sync-canaries": true
    },
    "connected": true,
    "last-failure": "0001-01-01T00:00:00.000Z",
    "name": "cmesh13",
    "num-endpoints": 3,
    "num-identities": 2,
    "num-nodes": 1,
    "ready": true,
    "status": "etcd: 1/1 connected, leases=0, lock leases=1, has-quorum=true: endpoint status checks are disabled, ID: 7fff86f614c473b",
    "synced": {
      "endpoints": true,
      "identities": true,
      "nodes": true,
      "services": true
    }
  },
  {
    "config": {
      "cluster-id": 14,
      "required": true,
      "retrieved": true,
      "sync-canaries": true
    },
    "connected": true,
    "last-failure": "0001-01-01T00:00:00.000Z",
    "name": "cmesh14",
    "num-endpoints": 3,
    "num-identities": 2,
    "num-nodes": 1,
    "ready": true,
    "status": "etcd: 1/1 connected, leases=0, lock leases=1, has-quorum=true: endpoint status checks are disabled, ID: bb2b6ab34e92fcd0",
    "synced": {
      "endpoints": true,
      "identities": true,
      "nodes": true,
      "services": true
    }
  },
  {
    "config": {
      "cluster-id": 15,
      "required": true,
      "retrieved": true,
      "sync-canaries": true
    },
    "connected": true,
    "last-failure": "0001-01-01T00:00:00.000Z",
    "name": "cmesh15",
    "num-endpoints": 3,
    "num-identities": 2,
    "num-nodes": 1,
    "ready": true,
    "status": "etcd: 1/1 connected, leases=0, lock leases=1, has-quorum=true: endpoint status checks are disabled, ID: 283957584b542323",
    "synced": {
      "endpoints": true,
      "identities": true,
      "nodes": true,
      "services": true
    }
  },
  {
    "config": {
      "cluster-id": 16,
      "required": true,
      "retrieved": true,
      "sync-canaries": true
    },
    "connected": true,
    "last-failure": "0001-01-01T00:00:00.000Z",
    "name": "cmesh16",
    "num-endpoints": 3,
    "num-identities": 2,
    "num-nodes": 1,
    "ready": true,
    "status": "etcd: 1/1 connected, leases=0, lock leases=1, has-quorum=true: endpoint status checks are disabled, ID: 675e507ae2237f52",
    "synced": {
      "endpoints": true,
      "identities": true,
      "nodes": true,
      "services": true
    }
  },
  {
    "config": {
      "cluster-id": 17,
      "required": true,
      "retrieved": true,
      "sync-canaries": true
    },
    "connected": true,
    "last-failure": "0001-01-01T00:00:00.000Z",
    "name": "cmesh17",
    "num-endpoints": 3,
    "num-identities": 2,
    "num-nodes": 1,
    "ready": true,
    "status": "etcd: 1/1 connected, leases=0, lock leases=1, has-quorum=true: endpoint status checks are disabled, ID: 4a49f0aa8791980e",
    "synced": {
      "endpoints": true,
      "identities": true,
      "nodes": true,
      "services": true
    }
  },
  {
    "config": {
      "cluster-id": 18,
      "required": true,
      "retrieved": true,
      "sync-canaries": true
    },
    "connected": true,
    "last-failure": "0001-01-01T00:00:00.000Z",
    "name": "cmesh18",
    "num-endpoints": 3,
    "num-identities": 2,
    "num-nodes": 1,
    "ready": true,
    "status": "etcd: 1/1 connected, leases=0, lock leases=1, has-quorum=true: endpoint status checks are disabled, ID: 9303beca5d298ce5",
    "synced": {
      "endpoints": true,
      "identities": true,
      "nodes": true,
      "services": true
    }
  },
  {
    "config": {
      "cluster-id": 19,
      "required": true,
      "retrieved": true,
      "sync-canaries": true
    },
    "connected": true,
    "last-failure": "2024-10-25T10:23:20.678Z",
    "name": "cmesh19",
    "num-endpoints": 3,
    "num-failures": 1,
    "num-identities": 2,
    "num-nodes": 1,
    "ready": true,
    "status": "etcd: 1/1 connected, leases=0, lock leases=1, has-quorum=true: endpoint status checks are disabled, ID: 8c0197a08e52f457",
    "synced": {
      "endpoints": true,
      "identities": true,
      "nodes": true,
      "services": true
    }
  },
  {
    "config": {
      "cluster-id": 2,
      "required": true,
      "retrieved": true,
      "sync-canaries": true
    },
    "connected": true,
    "last-failure": "0001-01-01T00:00:00.000Z",
    "name": "cmesh2",
    "num-endpoints": 3,
    "num-identities": 2,
    "num-nodes": 1,
    "ready": true,
    "status": "etcd: 1/1 connected, leases=0, lock leases=1, has-quorum=true: endpoint status checks are disabled, ID: 8e54d268737a0059",
    "synced": {
      "endpoints": true,
      "identities": true,
      "nodes": true,
      "services": true
    }
  },
  {
    "config": {
      "cluster-id": 20,
      "required": true,
      "retrieved": true,
      "sync-canaries": true
    },
    "connected": true,
    "last-failure": "0001-01-01T00:00:00.000Z",
    "name": "cmesh20",
    "num-endpoints": 3,
    "num-identities": 2,
    "num-nodes": 1,
    "ready": true,
    "status": "etcd: 1/1 connected, leases=0, lock leases=1, has-quorum=true: endpoint status checks are disabled, ID: c689c1165ad31642",
    "synced": {
      "endpoints": true,
      "identities": true,
      "nodes": true,
      "services": true
    }
  },
  {
    "config": {
      "cluster-id": 21,
      "required": true,
      "retrieved": true,
      "sync-canaries": true
    },
    "connected": true,
    "last-failure": "0001-01-01T00:00:00.000Z",
    "name": "cmesh21",
    "num-endpoints": 3,
    "num-identities": 2,
    "num-nodes": 1,
    "ready": true,
    "status": "etcd: 1/1 connected, leases=0, lock leases=1, has-quorum=true: endpoint status checks are disabled, ID: ec244aee61977dd3",
    "synced": {
      "endpoints": true,
      "identities": true,
      "nodes": true,
      "services": true
    }
  },
  {
    "config": {
      "cluster-id": 22,
      "required": true,
      "retrieved": true,
      "sync-canaries": true
    },
    "connected": true,
    "last-failure": "0001-01-01T00:00:00.000Z",
    "name": "cmesh22",
    "num-endpoints": 3,
    "num-identities": 2,
    "num-nodes": 1,
    "ready": true,
    "status": "etcd: 1/1 connected, leases=0, lock leases=1, has-quorum=true: endpoint status checks are disabled, ID: 2a065432863fb766",
    "synced": {
      "endpoints": true,
      "identities": true,
      "nodes": true,
      "services": true
    }
  },
  {
    "config": {
      "cluster-id": 23,
      "required": true,
      "retrieved": true,
      "sync-canaries": true
    },
    "connected": true,
    "last-failure": "0001-01-01T00:00:00.000Z",
    "name": "cmesh23",
    "num-endpoints": 3,
    "num-identities": 2,
    "num-nodes": 1,
    "ready": true,
    "status": "etcd: 1/1 connected, leases=0, lock leases=1, has-quorum=true: endpoint status checks are disabled, ID: 2e541cc67d763d4f",
    "synced": {
      "endpoints": true,
      "identities": true,
      "nodes": true,
      "services": true
    }
  },
  {
    "config": {
      "cluster-id": 24,
      "required": true,
      "retrieved": true,
      "sync-canaries": true
    },
    "connected": true,
    "last-failure": "0001-01-01T00:00:00.000Z",
    "name": "cmesh24",
    "num-endpoints": 3,
    "num-identities": 2,
    "num-nodes": 1,
    "ready": true,
    "status": "etcd: 1/1 connected, leases=0, lock leases=1, has-quorum=true: endpoint status checks are disabled, ID: 882e6a2ea77e15e4",
    "synced": {
      "endpoints": true,
      "identities": true,
      "nodes": true,
      "services": true
    }
  },
  {
    "config": {
      "cluster-id": 25,
      "required": true,
      "retrieved": true,
      "sync-canaries": true
    },
    "connected": true,
    "last-failure": "0001-01-01T00:00:00.000Z",
    "name": "cmesh25",
    "num-endpoints": 3,
    "num-identities": 2,
    "num-nodes": 1,
    "ready": true,
    "status": "etcd: 1/1 connected, leases=0, lock leases=1, has-quorum=true: endpoint status checks are disabled, ID: 6011c1973ccbdb3b",
    "synced": {
      "endpoints": true,
      "identities": true,
      "nodes": true,
      "services": true
    }
  },
  {
    "config": {
      "cluster-id": 26,
      "required": true,
      "retrieved": true,
      "sync-canaries": true
    },
    "connected": true,
    "last-failure": "2024-10-25T10:23:07.815Z",
    "name": "cmesh26",
    "num-endpoints": 3,
    "num-failures": 1,
    "num-identities": 2,
    "num-nodes": 1,
    "ready": true,
    "status": "etcd: 1/1 connected, leases=0, lock leases=1, has-quorum=true: endpoint status checks are disabled, ID: e6ff157077b8c9b4",
    "synced": {
      "endpoints": true,
      "identities": true,
      "nodes": true,
      "services": true
    }
  },
  {
    "config": {
      "cluster-id": 27,
      "required": true,
      "retrieved": true,
      "sync-canaries": true
    },
    "connected": true,
    "last-failure": "0001-01-01T00:00:00.000Z",
    "name": "cmesh27",
    "num-endpoints": 3,
    "num-identities": 2,
    "num-nodes": 1,
    "ready": true,
    "status": "etcd: 1/1 connected, leases=0, lock leases=1, has-quorum=true: endpoint status checks are disabled, ID: 6a0d7b2e09adca0c",
    "synced": {
      "endpoints": true,
      "identities": true,
      "nodes": true,
      "services": true
    }
  },
  {
    "config": {
      "cluster-id": 28,
      "required": true,
      "retrieved": true,
      "sync-canaries": true
    },
    "connected": true,
    "last-failure": "2024-10-25T10:23:27.302Z",
    "name": "cmesh28",
    "num-endpoints": 3,
    "num-failures": 1,
    "num-identities": 2,
    "num-nodes": 1,
    "ready": true,
    "status": "etcd: 1/1 connected, leases=0, lock leases=1, has-quorum=true: endpoint status checks are disabled, ID: dccf9236580a160a",
    "synced": {
      "endpoints": true,
      "identities": true,
      "nodes": true,
      "services": true
    }
  },
  {
    "config": {
      "cluster-id": 29,
      "required": true,
      "retrieved": true,
      "sync-canaries": true
    },
    "connected": true,
    "last-failure": "2024-10-25T10:23:15.469Z",
    "name": "cmesh29",
    "num-endpoints": 3,
    "num-failures": 1,
    "num-identities": 2,
    "num-nodes": 1,
    "ready": true,
    "status": "etcd: 1/1 connected, leases=0, lock leases=1, has-quorum=true: endpoint status checks are disabled, ID: cf92ab1aa076bf5",
    "synced": {
      "endpoints": true,
      "identities": true,
      "nodes": true,
      "services": true
    }
  },
  {
    "config": {
      "cluster-id": 3,
      "required": true,
      "retrieved": true,
      "sync-canaries": true
    },
    "connected": true,
    "last-failure": "0001-01-01T00:00:00.000Z",
    "name": "cmesh3",
    "num-endpoints": 3,
    "num-identities": 2,
    "num-nodes": 1,
    "ready": true,
    "status": "etcd: 1/1 connected, leases=0, lock leases=1, has-quorum=true: endpoint status checks are disabled, ID: 13e7efdce0fe1394",
    "synced": {
      "endpoints": true,
      "identities": true,
      "nodes": true,
      "services": true
    }
  },
  {
    "config": {
      "cluster-id": 30,
      "required": true,
      "retrieved": true,
      "sync-canaries": true
    },
    "connected": true,
    "last-failure": "2024-10-25T10:23:11.176Z",
    "name": "cmesh30",
    "num-endpoints": 3,
    "num-failures": 1,
    "num-identities": 2,
    "num-nodes": 1,
    "ready": true,
    "status": "etcd: 1/1 connected, leases=0, lock leases=1, has-quorum=true: endpoint status checks are disabled, ID: fac8d7a8c8165d7e",
    "synced": {
      "endpoints": true,
      "identities": true,
      "nodes": true,
      "services": true
    }
  },
  {
    "config": {
      "cluster-id": 31,
      "required": true,
      "retrieved": true,
      "sync-canaries": true
    },
    "connected": true,
    "last-failure": "0001-01-01T00:00:00.000Z",
    "name": "cmesh31",
    "num-endpoints": 3,
    "num-identities": 2,
    "num-nodes": 1,
    "ready": true,
    "status": "etcd: 1/1 connected, leases=0, lock leases=1, has-quorum=true: endpoint status checks are disabled, ID: 951e0ec37a071057",
    "synced": {
      "endpoints": true,
      "identities": true,
      "nodes": true,
      "services": true
    }
  },
  {
    "config": {
      "cluster-id": 32,
      "required": true,
      "retrieved": true,
      "sync-canaries": true
    },
    "connected": true,
    "last-failure": "0001-01-01T00:00:00.000Z",
    "name": "cmesh32",
    "num-endpoints": 3,
    "num-identities": 2,
    "num-nodes": 1,
    "ready": true,
    "status": "etcd: 1/1 connected, leases=0, lock leases=1, has-quorum=true: endpoint status checks are disabled, ID: 48b9bdce82fad2e7",
    "synced": {
      "endpoints": true,
      "identities": true,
      "nodes": true,
      "services": true
    }
  },
  {
    "config": {
      "cluster-id": 33,
      "required": true,
      "retrieved": true,
      "sync-canaries": true
    },
    "connected": true,
    "last-failure": "0001-01-01T00:00:00.000Z",
    "name": "cmesh33",
    "num-endpoints": 3,
    "num-identities": 2,
    "num-nodes": 1,
    "ready": true,
    "status": "etcd: 1/1 connected, leases=0, lock leases=1, has-quorum=true: endpoint status checks are disabled, ID: 723b91aa5f498a13",
    "synced": {
      "endpoints": true,
      "identities": true,
      "nodes": true,
      "services": true
    }
  },
  {
    "config": {
      "cluster-id": 34,
      "required": true,
      "retrieved": true,
      "sync-canaries": true
    },
    "connected": true,
    "last-failure": "0001-01-01T00:00:00.000Z",
    "name": "cmesh34",
    "num-endpoints": 3,
    "num-identities": 2,
    "num-nodes": 1,
    "ready": true,
    "status": "etcd: 1/1 connected, leases=0, lock leases=1, has-quorum=true: endpoint status checks are disabled, ID: 226d957489779f40",
    "synced": {
      "endpoints": true,
      "identities": true,
      "nodes": true,
      "services": true
    }
  },
  {
    "config": {
      "cluster-id": 35,
      "required": true,
      "retrieved": true,
      "sync-canaries": true
    },
    "connected": true,
    "last-failure": "0001-01-01T00:00:00.000Z",
    "name": "cmesh35",
    "num-endpoints": 3,
    "num-identities": 2,
    "num-nodes": 1,
    "ready": true,
    "status": "etcd: 1/1 connected, leases=0, lock leases=1, has-quorum=true: endpoint status checks are disabled, ID: c813edcd0a8dafbf",
    "synced": {
      "endpoints": true,
      "identities": true,
      "nodes": true,
      "services": true
    }
  },
  {
    "config": {
      "cluster-id": 36,
      "required": true,
      "retrieved": true,
      "sync-canaries": true
    },
    "connected": true,
    "last-failure": "0001-01-01T00:00:00.000Z",
    "name": "cmesh36",
    "num-endpoints": 3,
    "num-identities": 2,
    "num-nodes": 1,
    "ready": true,
    "status": "etcd: 1/1 connected, leases=0, lock leases=1, has-quorum=true: endpoint status checks are disabled, ID: df5969b68c35270e",
    "synced": {
      "endpoints": true,
      "identities": true,
      "nodes": true,
      "services": true
    }
  },
  {
    "config": {
      "cluster-id": 37,
      "required": true,
      "retrieved": true,
      "sync-canaries": true
    },
    "connected": true,
    "last-failure": "0001-01-01T00:00:00.000Z",
    "name": "cmesh37",
    "num-endpoints": 3,
    "num-identities": 2,
    "num-nodes": 1,
    "ready": true,
    "status": "etcd: 1/1 connected, leases=0, lock leases=1, has-quorum=true: endpoint status checks are disabled, ID: e00e71aaddcc7268",
    "synced": {
      "endpoints": true,
      "identities": true,
      "nodes": true,
      "services": true
    }
  },
  {
    "config": {
      "cluster-id": 38,
      "required": true,
      "retrieved": true,
      "sync-canaries": true
    },
    "connected": true,
    "last-failure": "0001-01-01T00:00:00.000Z",
    "name": "cmesh38",
    "num-endpoints": 3,
    "num-identities": 2,
    "num-nodes": 1,
    "ready": true,
    "status": "etcd: 1/1 connected, leases=0, lock leases=1, has-quorum=true: endpoint status checks are disabled, ID: b08df240df90ea9e",
    "synced": {
      "endpoints": true,
      "identities": true,
      "nodes": true,
      "services": true
    }
  },
  {
    "config": {
      "cluster-id": 39,
      "required": true,
      "retrieved": true,
      "sync-canaries": true
    },
    "connected": true,
    "last-failure": "0001-01-01T00:00:00.000Z",
    "name": "cmesh39",
    "num-endpoints": 3,
    "num-identities": 2,
    "num-nodes": 1,
    "ready": true,
    "status": "etcd: 1/1 connected, leases=0, lock leases=1, has-quorum=true: endpoint status checks are disabled, ID: ce69ada5688ed3fa",
    "synced": {
      "endpoints": true,
      "identities": true,
      "nodes": true,
      "services": true
    }
  },
  {
    "config": {
      "cluster-id": 4,
      "required": true,
      "retrieved": true,
      "sync-canaries": true
    },
    "connected": true,
    "last-failure": "0001-01-01T00:00:00.000Z",
    "name": "cmesh4",
    "num-endpoints": 3,
    "num-identities": 2,
    "num-nodes": 1,
    "ready": true,
    "status": "etcd: 1/1 connected, leases=0, lock leases=1, has-quorum=true: endpoint status checks are disabled, ID: 9779fd645c16f762",
    "synced": {
      "endpoints": true,
      "identities": true,
      "nodes": true,
      "services": true
    }
  },
  {
    "config": {
      "cluster-id": 40,
      "required": true,
      "retrieved": true,
      "sync-canaries": true
    },
    "connected": true,
    "last-failure": "0001-01-01T00:00:00.000Z",
    "name": "cmesh40",
    "num-endpoints": 3,
    "num-identities": 2,
    "num-nodes": 1,
    "ready": true,
    "status": "etcd: 1/1 connected, leases=0, lock leases=1, has-quorum=true: endpoint status checks are disabled, ID: 672eca1b78cf4142",
    "synced": {
      "endpoints": true,
      "identities": true,
      "nodes": true,
      "services": true
    }
  },
  {
    "config": {
      "cluster-id": 41,
      "required": true,
      "retrieved": true,
      "sync-canaries": true
    },
    "connected": true,
    "last-failure": "0001-01-01T00:00:00.000Z",
    "name": "cmesh41",
    "num-endpoints": 3,
    "num-identities": 2,
    "num-nodes": 1,
    "ready": true,
    "status": "etcd: 1/1 connected, leases=0, lock leases=1, has-quorum=true: endpoint status checks are disabled, ID: eb9b8b45ed5ec7f6",
    "synced": {
      "endpoints": true,
      "identities": true,
      "nodes": true,
      "services": true
    }
  },
  {
    "config": {
      "cluster-id": 42,
      "required": true,
      "retrieved": true,
      "sync-canaries": true
    },
    "connected": true,
    "last-failure": "0001-01-01T00:00:00.000Z",
    "name": "cmesh42",
    "num-endpoints": 3,
    "num-identities": 2,
    "num-nodes": 1,
    "ready": true,
    "status": "etcd: 1/1 connected, leases=0, lock leases=1, has-quorum=true: endpoint status checks are disabled, ID: 852f83ae92cca200",
    "synced": {
      "endpoints": true,
      "identities": true,
      "nodes": true,
      "services": true
    }
  },
  {
    "config": {
      "cluster-id": 43,
      "required": true,
      "retrieved": true,
      "sync-canaries": true
    },
    "connected": true,
    "last-failure": "0001-01-01T00:00:00.000Z",
    "name": "cmesh43",
    "num-endpoints": 3,
    "num-identities": 2,
    "num-nodes": 1,
    "ready": true,
    "status": "etcd: 1/1 connected, leases=0, lock leases=1, has-quorum=true: endpoint status checks are disabled, ID: d9bfd019af779dda",
    "synced": {
      "endpoints": true,
      "identities": true,
      "nodes": true,
      "services": true
    }
  },
  {
    "config": {
      "cluster-id": 44,
      "required": true,
      "retrieved": true,
      "sync-canaries": true
    },
    "connected": true,
    "last-failure": "0001-01-01T00:00:00.000Z",
    "name": "cmesh44",
    "num-endpoints": 3,
    "num-identities": 2,
    "num-nodes": 1,
    "ready": true,
    "status": "etcd: 1/1 connected, leases=0, lock leases=1, has-quorum=true: endpoint status checks are disabled, ID: 724f0f1060a8b093",
    "synced": {
      "endpoints": true,
      "identities": true,
      "nodes": true,
      "services": true
    }
  },
  {
    "config": {
      "cluster-id": 45,
      "required": true,
      "retrieved": true,
      "sync-canaries": true
    },
    "connected": true,
    "last-failure": "2024-10-25T10:23:13.988Z",
    "name": "cmesh45",
    "num-endpoints": 3,
    "num-failures": 1,
    "num-identities": 2,
    "num-nodes": 1,
    "ready": true,
    "status": "etcd: 1/1 connected, leases=0, lock leases=1, has-quorum=true: endpoint status checks are disabled, ID: 9deabc22cc74e5d8",
    "synced": {
      "endpoints": true,
      "identities": true,
      "nodes": true,
      "services": true
    }
  },
  {
    "config": {
      "cluster-id": 46,
      "required": true,
      "retrieved": true,
      "sync-canaries": true
    },
    "connected": true,
    "last-failure": "0001-01-01T00:00:00.000Z",
    "name": "cmesh46",
    "num-endpoints": 3,
    "num-identities": 2,
    "num-nodes": 1,
    "ready": true,
    "status": "etcd: 1/1 connected, leases=0, lock leases=1, has-quorum=true: endpoint status checks are disabled, ID: a1d26ad0b5bba1ab",
    "synced": {
      "endpoints": true,
      "identities": true,
      "nodes": true,
      "services": true
    }
  },
  {
    "config": {
      "cluster-id": 47,
      "required": true,
      "retrieved": true,
      "sync-canaries": true
    },
    "connected": true,
    "last-failure": "0001-01-01T00:00:00.000Z",
    "name": "cmesh47",
    "num-endpoints": 3,
    "num-identities": 2,
    "num-nodes": 1,
    "ready": true,
    "status": "etcd: 1/1 connected, leases=0, lock leases=1, has-quorum=true: endpoint status checks are disabled, ID: aee65477db774f9c",
    "synced": {
      "endpoints": true,
      "identities": true,
      "nodes": true,
      "services": true
    }
  },
  {
    "config": {
      "cluster-id": 48,
      "required": true,
      "retrieved": true,
      "sync-canaries": true
    },
    "connected": true,
    "last-failure": "2024-10-25T10:23:27.262Z",
    "name": "cmesh48",
    "num-endpoints": 3,
    "num-failures": 1,
    "num-identities": 2,
    "num-nodes": 1,
    "ready": true,
    "status": "etcd: 1/1 connected, leases=0, lock leases=1, has-quorum=true: endpoint status checks are disabled, ID: e5e4d217c0e43df9",
    "synced": {
      "endpoints": true,
      "identities": true,
      "nodes": true,
      "services": true
    }
  },
  {
    "config": {
      "cluster-id": 49,
      "required": true,
      "retrieved": true,
      "sync-canaries": true
    },
    "connected": true,
    "last-failure": "0001-01-01T00:00:00.000Z",
    "name": "cmesh49",
    "num-endpoints": 3,
    "num-identities": 2,
    "num-nodes": 1,
    "ready": true,
    "status": "etcd: 1/1 connected, leases=0, lock leases=1, has-quorum=true: endpoint status checks are disabled, ID: 71a93cbdd2a4b02f",
    "synced": {
      "endpoints": true,
      "identities": true,
      "nodes": true,
      "services": true
    }
  },
  {
    "config": {
      "cluster-id": 5,
      "required": true,
      "retrieved": true,
      "sync-canaries": true
    },
    "connected": true,
    "last-failure": "2024-10-25T10:23:22.966Z",
    "name": "cmesh5",
    "num-endpoints": 3,
    "num-failures": 1,
    "num-identities": 2,
    "num-nodes": 1,
    "ready": true,
    "status": "etcd: 1/1 connected, leases=0, lock leases=1, has-quorum=true: endpoint status checks are disabled, ID: 531c889888ab59e2",
    "synced": {
      "endpoints": true,
      "identities": true,
      "nodes": true,
      "services": true
    }
  },
  {
    "config": {
      "cluster-id": 50,
      "required": true,
      "retrieved": true,
      "sync-canaries": true
    },
    "connected": true,
    "last-failure": "0001-01-01T00:00:00.000Z",
    "name": "cmesh50",
    "num-endpoints": 3,
    "num-identities": 2,
    "num-nodes": 1,
    "ready": true,
    "status": "etcd: 1/1 connected, leases=0, lock leases=1, has-quorum=true: endpoint status checks are disabled, ID: d1320ae02de3937c",
    "synced": {
      "endpoints": true,
      "identities": true,
      "nodes": true,
      "services": true
    }
  },
  {
    "config": {
      "cluster-id": 51,
      "required": true,
      "retrieved": true,
      "sync-canaries": true
    },
    "connected": true,
    "last-failure": "0001-01-01T00:00:00.000Z",
    "name": "cmesh51",
    "num-endpoints": 3,
    "num-identities": 2,
    "num-nodes": 1,
    "ready": true,
    "status": "etcd: 1/1 connected, leases=0, lock leases=1, has-quorum=true: endpoint status checks are disabled, ID: 9ccd1260ca33a3ae",
    "synced": {
      "endpoints": true,
      "identities": true,
      "nodes": true,
      "services": true
    }
  },
  {
    "config": {
      "cluster-id": 52,
      "required": true,
      "retrieved": true,
      "sync-canaries": true
    },
    "connected": true,
    "last-failure": "0001-01-01T00:00:00.000Z",
    "name": "cmesh52",
    "num-endpoints": 3,
    "num-identities": 2,
    "num-nodes": 1,
    "ready": true,
    "status": "etcd: 1/1 connected, leases=0, lock leases=1, has-quorum=true: endpoint status checks are disabled, ID: 29b0808b181df9c0",
    "synced": {
      "endpoints": true,
      "identities": true,
      "nodes": true,
      "services": true
    }
  },
  {
    "config": {
      "cluster-id": 53,
      "required": true,
      "retrieved": true,
      "sync-canaries": true
    },
    "connected": true,
    "last-failure": "0001-01-01T00:00:00.000Z",
    "name": "cmesh53",
    "num-endpoints": 3,
    "num-identities": 2,
    "num-nodes": 1,
    "ready": true,
    "status": "etcd: 1/1 connected, leases=0, lock leases=1, has-quorum=true: endpoint status checks are disabled, ID: 93f9bb4433b85643",
    "synced": {
      "endpoints": true,
      "identities": true,
      "nodes": true,
      "services": true
    }
  },
  {
    "config": {
      "cluster-id": 54,
      "required": true,
      "retrieved": true,
      "sync-canaries": true
    },
    "connected": true,
    "last-failure": "0001-01-01T00:00:00.000Z",
    "name": "cmesh54",
    "num-endpoints": 3,
    "num-identities": 2,
    "num-nodes": 1,
    "ready": true,
    "status": "etcd: 1/1 connected, leases=0, lock leases=1, has-quorum=true: endpoint status checks are disabled, ID: bb215ed52459c861",
    "synced": {
      "endpoints": true,
      "identities": true,
      "nodes": true,
      "services": true
    }
  },
  {
    "config": {
      "cluster-id": 55,
      "required": true,
      "retrieved": true,
      "sync-canaries": true
    },
    "connected": true,
    "last-failure": "0001-01-01T00:00:00.000Z",
    "name": "cmesh55",
    "num-endpoints": 3,
    "num-identities": 2,
    "num-nodes": 1,
    "ready": true,
    "status": "etcd: 1/1 connected, leases=0, lock leases=1, has-quorum=true: endpoint status checks are disabled, ID: ec4a7ce42c55ddbf",
    "synced": {
      "endpoints": true,
      "identities": true,
      "nodes": true,
      "services": true
    }
  },
  {
    "config": {
      "cluster-id": 56,
      "required": true,
      "retrieved": true,
      "sync-canaries": true
    },
    "connected": true,
    "last-failure": "0001-01-01T00:00:00.000Z",
    "name": "cmesh56",
    "num-endpoints": 3,
    "num-identities": 2,
    "num-nodes": 1,
    "ready": true,
    "status": "etcd: 1/1 connected, leases=0, lock leases=1, has-quorum=true: endpoint status checks are disabled, ID: 70901494a320bdf2",
    "synced": {
      "endpoints": true,
      "identities": true,
      "nodes": true,
      "services": true
    }
  },
  {
    "config": {
      "cluster-id": 57,
      "required": true,
      "retrieved": true,
      "sync-canaries": true
    },
    "connected": true,
    "last-failure": "2024-10-25T10:23:18.566Z",
    "name": "cmesh57",
    "num-endpoints": 3,
    "num-failures": 1,
    "num-identities": 2,
    "num-nodes": 1,
    "ready": true,
    "status": "etcd: 1/1 connected, leases=0, lock leases=1, has-quorum=true: endpoint status checks are disabled, ID: f2b46ffeb345c34",
    "synced": {
      "endpoints": true,
      "identities": true,
      "nodes": true,
      "services": true
    }
  },
  {
    "config": {
      "cluster-id": 58,
      "required": true,
      "retrieved": true,
      "sync-canaries": true
    },
    "connected": true,
    "last-failure": "0001-01-01T00:00:00.000Z",
    "name": "cmesh58",
    "num-endpoints": 3,
    "num-identities": 2,
    "num-nodes": 1,
    "ready": true,
    "status": "etcd: 1/1 connected, leases=0, lock leases=1, has-quorum=true: endpoint status checks are disabled, ID: 238dee843fda0c2b",
    "synced": {
      "endpoints": true,
      "identities": true,
      "nodes": true,
      "services": true
    }
  },
  {
    "config": {
      "cluster-id": 59,
      "required": true,
      "retrieved": true,
      "sync-canaries": true
    },
    "connected": true,
    "last-failure": "0001-01-01T00:00:00.000Z",
    "name": "cmesh59",
    "num-endpoints": 3,
    "num-identities": 2,
    "num-nodes": 1,
    "ready": true,
    "status": "etcd: 1/1 connected, leases=0, lock leases=1, has-quorum=true: endpoint status checks are disabled, ID: 149a47d617599ece",
    "synced": {
      "endpoints": true,
      "identities": true,
      "nodes": true,
      "services": true
    }
  },
  {
    "config": {
      "cluster-id": 6,
      "required": true,
      "retrieved": true,
      "sync-canaries": true
    },
    "connected": true,
    "last-failure": "0001-01-01T00:00:00.000Z",
    "name": "cmesh6",
    "num-endpoints": 3,
    "num-identities": 2,
    "num-nodes": 1,
    "ready": true,
    "status": "etcd: 1/1 connected, leases=0, lock leases=1, has-quorum=true: endpoint status checks are disabled, ID: 420da6524f4896ad",
    "synced": {
      "endpoints": true,
      "identities": true,
      "nodes": true,
      "services": true
    }
  },
  {
    "config": {
      "cluster-id": 60,
      "required": true,
      "retrieved": true,
      "sync-canaries": true
    },
    "connected": true,
    "last-failure": "0001-01-01T00:00:00.000Z",
    "name": "cmesh60",
    "num-endpoints": 3,
    "num-identities": 2,
    "num-nodes": 1,
    "ready": true,
    "status": "etcd: 1/1 connected, leases=0, lock leases=1, has-quorum=true: endpoint status checks are disabled, ID: 54f108139eef80b8",
    "synced": {
      "endpoints": true,
      "identities": true,
      "nodes": true,
      "services": true
    }
  },
  {
    "config": {
      "cluster-id": 61,
      "required": true,
      "retrieved": true,
      "sync-canaries": true
    },
    "connected": true,
    "last-failure": "0001-01-01T00:00:00.000Z",
    "name": "cmesh61",
    "num-endpoints": 3,
    "num-identities": 2,
    "num-nodes": 1,
    "ready": true,
    "status": "etcd: 1/1 connected, leases=0, lock leases=1, has-quorum=true: endpoint status checks are disabled, ID: d7896ddd45bd9c32",
    "synced": {
      "endpoints": true,
      "identities": true,
      "nodes": true,
      "services": true
    }
  },
  {
    "config": {
      "cluster-id": 62,
      "required": true,
      "retrieved": true,
      "sync-canaries": true
    },
    "connected": true,
    "last-failure": "0001-01-01T00:00:00.000Z",
    "name": "cmesh62",
    "num-endpoints": 3,
    "num-identities": 2,
    "num-nodes": 1,
    "ready": true,
    "status": "etcd: 1/1 connected, leases=0, lock leases=1, has-quorum=true: endpoint status checks are disabled, ID: 73e0ab5dec7deb6d",
    "synced": {
      "endpoints": true,
      "identities": true,
      "nodes": true,
      "services": true
    }
  },
  {
    "config": {
      "cluster-id": 63,
      "required": true,
      "retrieved": true,
      "sync-canaries": true
    },
    "connected": true,
    "last-failure": "0001-01-01T00:00:00.000Z",
    "name": "cmesh63",
    "num-endpoints": 3,
    "num-identities": 2,
    "num-nodes": 1,
    "ready": true,
    "status": "etcd: 1/1 connected, leases=0, lock leases=1, has-quorum=true: endpoint status checks are disabled, ID: 2d7749adb785be79",
    "synced": {
      "endpoints": true,
      "identities": true,
      "nodes": true,
      "services": true
    }
  },
  {
    "config": {
      "cluster-id": 64,
      "required": true,
      "retrieved": true,
      "sync-canaries": true
    },
    "connected": true,
    "last-failure": "0001-01-01T00:00:00.000Z",
    "name": "cmesh64",
    "num-endpoints": 3,
    "num-identities": 2,
    "num-nodes": 1,
    "ready": true,
    "status": "etcd: 1/1 connected, leases=0, lock leases=1, has-quorum=true: endpoint status checks are disabled, ID: addf70dfeb360ba8",
    "synced": {
      "endpoints": true,
      "identities": true,
      "nodes": true,
      "services": true
    }
  },
  {
    "config": {
      "cluster-id": 65,
      "required": true,
      "retrieved": true,
      "sync-canaries": true
    },
    "connected": true,
    "last-failure": "0001-01-01T00:00:00.000Z",
    "name": "cmesh65",
    "num-endpoints": 3,
    "num-identities": 2,
    "num-nodes": 1,
    "ready": true,
    "status": "etcd: 1/1 connected, leases=0, lock leases=1, has-quorum=true: endpoint status checks are disabled, ID: 77aba4dfe9737eeb",
    "synced": {
      "endpoints": true,
      "identities": true,
      "nodes": true,
      "services": true
    }
  },
  {
    "config": {
      "cluster-id": 66,
      "required": true,
      "retrieved": true,
      "sync-canaries": true
    },
    "connected": true,
    "last-failure": "0001-01-01T00:00:00.000Z",
    "name": "cmesh66",
    "num-endpoints": 3,
    "num-identities": 2,
    "num-nodes": 1,
    "ready": true,
    "status": "etcd: 1/1 connected, leases=0, lock leases=1, has-quorum=true: endpoint status checks are disabled, ID: b48e389a341feb90",
    "synced": {
      "endpoints": true,
      "identities": true,
      "nodes": true,
      "services": true
    }
  },
  {
    "config": {
      "cluster-id": 67,
      "required": true,
      "retrieved": true,
      "sync-canaries": true
    },
    "connected": true,
    "last-failure": "0001-01-01T00:00:00.000Z",
    "name": "cmesh67",
    "num-endpoints": 3,
    "num-identities": 2,
    "num-nodes": 1,
    "ready": true,
    "status": "etcd: 1/1 connected, leases=0, lock leases=1, has-quorum=true: endpoint status checks are disabled, ID: 36015a4e78a50fc9",
    "synced": {
      "endpoints": true,
      "identities": true,
      "nodes": true,
      "services": true
    }
  },
  {
    "config": {
      "cluster-id": 68,
      "required": true,
      "retrieved": true,
      "sync-canaries": true
    },
    "connected": true,
    "last-failure": "0001-01-01T00:00:00.000Z",
    "name": "cmesh68",
    "num-endpoints": 3,
    "num-identities": 2,
    "num-nodes": 1,
    "ready": true,
    "status": "etcd: 1/1 connected, leases=0, lock leases=1, has-quorum=true: endpoint status checks are disabled, ID: c5af86b6e7eab3b1",
    "synced": {
      "endpoints": true,
      "identities": true,
      "nodes": true,
      "services": true
    }
  },
  {
    "config": {
      "cluster-id": 69,
      "required": true,
      "retrieved": true,
      "sync-canaries": true
    },
    "connected": true,
    "last-failure": "2024-10-25T10:23:07.450Z",
    "name": "cmesh69",
    "num-endpoints": 3,
    "num-failures": 1,
    "num-identities": 2,
    "num-nodes": 1,
    "ready": true,
    "status": "etcd: 1/1 connected, leases=0, lock leases=1, has-quorum=true: endpoint status checks are disabled, ID: 43db11445a2c5d47",
    "synced": {
      "endpoints": true,
      "identities": true,
      "nodes": true,
      "services": true
    }
  },
  {
    "config": {
      "cluster-id": 7,
      "required": true,
      "retrieved": true,
      "sync-canaries": true
    },
    "connected": true,
    "last-failure": "0001-01-01T00:00:00.000Z",
    "name": "cmesh7",
    "num-endpoints": 3,
    "num-identities": 2,
    "num-nodes": 1,
    "ready": true,
    "status": "etcd: 1/1 connected, leases=0, lock leases=1, has-quorum=true: endpoint status checks are disabled, ID: 9f28994728f393fc",
    "synced": {
      "endpoints": true,
      "identities": true,
      "nodes": true,
      "services": true
    }
  },
  {
    "config": {
      "cluster-id": 70,
      "required": true,
      "retrieved": true,
      "sync-canaries": true
    },
    "connected": true,
    "last-failure": "0001-01-01T00:00:00.000Z",
    "name": "cmesh70",
    "num-endpoints": 3,
    "num-identities": 2,
    "num-nodes": 1,
    "ready": true,
    "status": "etcd: 1/1 connected, leases=0, lock leases=1, has-quorum=true: endpoint status checks are disabled, ID: aaee307e17ee4175",
    "synced": {
      "endpoints": true,
      "identities": true,
      "nodes": true,
      "services": true
    }
  },
  {
    "config": {
      "cluster-id": 71,
      "required": true,
      "retrieved": true,
      "sync-canaries": true
    },
    "connected": true,
    "last-failure": "0001-01-01T00:00:00.000Z",
    "name": "cmesh71",
    "num-endpoints": 3,
    "num-identities": 2,
    "num-nodes": 1,
    "ready": true,
    "status": "etcd: 1/1 connected, leases=0, lock leases=1, has-quorum=true: endpoint status checks are disabled, ID: b0db9d55ce57b47",
    "synced": {
      "endpoints": true,
      "identities": true,
      "nodes": true,
      "services": true
    }
  },
  {
    "config": {
      "cluster-id": 72,
      "required": true,
      "retrieved": true,
      "sync-canaries": true
    },
    "connected": true,
    "last-failure": "0001-01-01T00:00:00.000Z",
    "name": "cmesh72",
    "num-endpoints": 3,
    "num-identities": 2,
    "num-nodes": 1,
    "ready": true,
    "status": "etcd: 1/1 connected, leases=0, lock leases=1, has-quorum=true: endpoint status checks are disabled, ID: 766d3316866ce427",
    "synced": {
      "endpoints": true,
      "identities": true,
      "nodes": true,
      "services": true
    }
  },
  {
    "config": {
      "cluster-id": 73,
      "required": true,
      "retrieved": true,
      "sync-canaries": true
    },
    "connected": true,
    "last-failure": "0001-01-01T00:00:00.000Z",
    "name": "cmesh73",
    "num-endpoints": 3,
    "num-identities": 2,
    "num-nodes": 1,
    "ready": true,
    "status": "etcd: 1/1 connected, leases=0, lock leases=1, has-quorum=true: endpoint status checks are disabled, ID: 84d8638ee16980cd",
    "synced": {
      "endpoints": true,
      "identities": true,
      "nodes": true,
      "services": true
    }
  },
  {
    "config": {
      "cluster-id": 74,
      "required": true,
      "retrieved": true,
      "sync-canaries": true
    },
    "connected": true,
    "last-failure": "0001-01-01T00:00:00.000Z",
    "name": "cmesh74",
    "num-endpoints": 3,
    "num-identities": 2,
    "num-nodes": 1,
    "ready": true,
    "status": "etcd: 1/1 connected, leases=0, lock leases=1, has-quorum=true: endpoint status checks are disabled, ID: 1eb3a298c2644acd",
    "synced": {
      "endpoints": true,
      "identities": true,
      "nodes": true,
      "services": true
    }
  },
  {
    "config": {
      "cluster-id": 75,
      "required": true,
      "retrieved": true,
      "sync-canaries": true
    },
    "connected": true,
    "last-failure": "0001-01-01T00:00:00.000Z",
    "name": "cmesh75",
    "num-endpoints": 3,
    "num-identities": 2,
    "num-nodes": 1,
    "ready": true,
    "status": "etcd: 1/1 connected, leases=0, lock leases=1, has-quorum=true: endpoint status checks are disabled, ID: 1755ffc7b2edbdbb",
    "synced": {
      "endpoints": true,
      "identities": true,
      "nodes": true,
      "services": true
    }
  },
  {
    "config": {
      "cluster-id": 76,
      "required": true,
      "retrieved": true,
      "sync-canaries": true
    },
    "connected": true,
    "last-failure": "0001-01-01T00:00:00.000Z",
    "name": "cmesh76",
    "num-endpoints": 3,
    "num-identities": 2,
    "num-nodes": 1,
    "ready": true,
    "status": "etcd: 1/1 connected, leases=0, lock leases=1, has-quorum=true: endpoint status checks are disabled, ID: bd60a8f927e18e7f",
    "synced": {
      "endpoints": true,
      "identities": true,
      "nodes": true,
      "services": true
    }
  },
  {
    "config": {
      "cluster-id": 77,
      "required": true,
      "retrieved": true,
      "sync-canaries": true
    },
    "connected": true,
    "last-failure": "0001-01-01T00:00:00.000Z",
    "name": "cmesh77",
    "num-endpoints": 3,
    "num-identities": 2,
    "num-nodes": 1,
    "ready": true,
    "status": "etcd: 1/1 connected, leases=0, lock leases=1, has-quorum=true: endpoint status checks are disabled, ID: fe904e1dd1881866",
    "synced": {
      "endpoints": true,
      "identities": true,
      "nodes": true,
      "services": true
    }
  },
  {
    "config": {
      "cluster-id": 78,
      "required": true,
      "retrieved": true,
      "sync-canaries": true
    },
    "connected": true,
    "last-failure": "0001-01-01T00:00:00.000Z",
    "name": "cmesh78",
    "num-endpoints": 3,
    "num-identities": 2,
    "num-nodes": 1,
    "ready": true,
    "status": "etcd: 1/1 connected, leases=0, lock leases=1, has-quorum=true: endpoint status checks are disabled, ID: a542aa5a80e5f342",
    "synced": {
      "endpoints": true,
      "identities": true,
      "nodes": true,
      "services": true
    }
  },
  {
    "config": {
      "cluster-id": 79,
      "required": true,
      "retrieved": true,
      "sync-canaries": true
    },
    "connected": true,
    "last-failure": "0001-01-01T00:00:00.000Z",
    "name": "cmesh79",
    "num-endpoints": 3,
    "num-identities": 2,
    "num-nodes": 1,
    "ready": true,
    "status": "etcd: 1/1 connected, leases=0, lock leases=1, has-quorum=true: endpoint status checks are disabled, ID: cdebfe2e180d2e79",
    "synced": {
      "endpoints": true,
      "identities": true,
      "nodes": true,
      "services": true
    }
  },
  {
    "config": {
      "cluster-id": 8,
      "required": true,
      "retrieved": true,
      "sync-canaries": true
    },
    "connected": true,
    "last-failure": "0001-01-01T00:00:00.000Z",
    "name": "cmesh8",
    "num-endpoints": 3,
    "num-identities": 2,
    "num-nodes": 1,
    "ready": true,
    "status": "etcd: 1/1 connected, leases=0, lock leases=1, has-quorum=true: endpoint status checks are disabled, ID: f3bc1ee6f6040813",
    "synced": {
      "endpoints": true,
      "identities": true,
      "nodes": true,
      "services": true
    }
  },
  {
    "config": {
      "cluster-id": 80,
      "required": true,
      "retrieved": true,
      "sync-canaries": true
    },
    "connected": true,
    "last-failure": "0001-01-01T00:00:00.000Z",
    "name": "cmesh80",
    "num-endpoints": 3,
    "num-identities": 2,
    "num-nodes": 1,
    "ready": true,
    "status": "etcd: 1/1 connected, leases=0, lock leases=1, has-quorum=true: endpoint status checks are disabled, ID: bc367236b049dc23",
    "synced": {
      "endpoints": true,
      "identities": true,
      "nodes": true,
      "services": true
    }
  },
  {
    "config": {
      "cluster-id": 81,
      "required": true,
      "retrieved": true,
      "sync-canaries": true
    },
    "connected": true,
    "last-failure": "2024-10-25T10:23:22.783Z",
    "name": "cmesh81",
    "num-endpoints": 3,
    "num-failures": 1,
    "num-identities": 2,
    "num-nodes": 1,
    "ready": true,
    "status": "etcd: 1/1 connected, leases=0, lock leases=1, has-quorum=true: endpoint status checks are disabled, ID: b50a9e94220b070a",
    "synced": {
      "endpoints": true,
      "identities": true,
      "nodes": true,
      "services": true
    }
  },
  {
    "config": {
      "cluster-id": 82,
      "required": true,
      "retrieved": true,
      "sync-canaries": true
    },
    "connected": true,
    "last-failure": "0001-01-01T00:00:00.000Z",
    "name": "cmesh82",
    "num-endpoints": 3,
    "num-identities": 2,
    "num-nodes": 1,
    "ready": true,
    "status": "etcd: 1/1 connected, leases=0, lock leases=1, has-quorum=true: endpoint status checks are disabled, ID: 33f84113da6768bd",
    "synced": {
      "endpoints": true,
      "identities": true,
      "nodes": true,
      "services": true
    }
  },
  {
    "config": {
      "cluster-id": 83,
      "required": true,
      "retrieved": true,
      "sync-canaries": true
    },
    "connected": true,
    "last-failure": "0001-01-01T00:00:00.000Z",
    "name": "cmesh83",
    "num-endpoints": 3,
    "num-identities": 2,
    "num-nodes": 1,
    "ready": true,
    "status": "etcd: 1/1 connected, leases=0, lock leases=1, has-quorum=true: endpoint status checks are disabled, ID: ca2c0c5d9eec011e",
    "synced": {
      "endpoints": true,
      "identities": true,
      "nodes": true,
      "services": true
    }
  },
  {
    "config": {
      "cluster-id": 84,
      "required": true,
      "retrieved": true,
      "sync-canaries": true
    },
    "connected": true,
    "last-failure": "0001-01-01T00:00:00.000Z",
    "name": "cmesh84",
    "num-endpoints": 3,
    "num-identities": 2,
    "num-nodes": 1,
    "ready": true,
    "status": "etcd: 1/1 connected, leases=0, lock leases=1, has-quorum=true: endpoint status checks are disabled, ID: 836c0d8175bd7599",
    "synced": {
      "endpoints": true,
      "identities": true,
      "nodes": true,
      "services": true
    }
  },
  {
    "config": {
      "cluster-id": 85,
      "required": true,
      "retrieved": true,
      "sync-canaries": true
    },
    "connected": true,
    "last-failure": "0001-01-01T00:00:00.000Z",
    "name": "cmesh85",
    "num-endpoints": 3,
    "num-identities": 2,
    "num-nodes": 1,
    "ready": true,
    "status": "etcd: 1/1 connected, leases=0, lock leases=1, has-quorum=true: endpoint status checks are disabled, ID: 5dc22747156bfdcf",
    "synced": {
      "endpoints": true,
      "identities": true,
      "nodes": true,
      "services": true
    }
  },
  {
    "config": {
      "cluster-id": 86,
      "required": true,
      "retrieved": true,
      "sync-canaries": true
    },
    "connected": true,
    "last-failure": "0001-01-01T00:00:00.000Z",
    "name": "cmesh86",
    "num-endpoints": 3,
    "num-identities": 2,
    "num-nodes": 1,
    "ready": true,
    "status": "etcd: 1/1 connected, leases=0, lock leases=1, has-quorum=true: endpoint status checks are disabled, ID: 780d725847732ae0",
    "synced": {
      "endpoints": true,
      "identities": true,
      "nodes": true,
      "services": true
    }
  },
  {
    "config": {
      "cluster-id": 87,
      "required": true,
      "retrieved": true,
      "sync-canaries": true
    },
    "connected": true,
    "last-failure": "2024-10-25T10:23:01.661Z",
    "name": "cmesh87",
    "num-endpoints": 3,
    "num-failures": 1,
    "num-identities": 2,
    "num-nodes": 1,
    "ready": true,
    "status": "etcd: 1/1 connected, leases=0, lock leases=1, has-quorum=true: endpoint status checks are disabled, ID: c2ee39593e0f1505",
    "synced": {
      "endpoints": true,
      "identities": true,
      "nodes": true,
      "services": true
    }
  },
  {
    "config": {
      "cluster-id": 88,
      "required": true,
      "retrieved": true,
      "sync-canaries": true
    },
    "connected": true,
    "last-failure": "0001-01-01T00:00:00.000Z",
    "name": "cmesh88",
    "num-endpoints": 3,
    "num-identities": 2,
    "num-nodes": 1,
    "ready": true,
    "status": "etcd: 1/1 connected, leases=0, lock leases=1, has-quorum=true: endpoint status checks are disabled, ID: 33e8be37d8d7de5a",
    "synced": {
      "endpoints": true,
      "identities": true,
      "nodes": true,
      "services": true
    }
  },
  {
    "config": {
      "cluster-id": 89,
      "required": true,
      "retrieved": true,
      "sync-canaries": true
    },
    "connected": true,
    "last-failure": "0001-01-01T00:00:00.000Z",
    "name": "cmesh89",
    "num-endpoints": 3,
    "num-identities": 2,
    "num-nodes": 1,
    "ready": true,
    "status": "etcd: 1/1 connected, leases=0, lock leases=1, has-quorum=true: endpoint status checks are disabled, ID: 1369f71585c68fd8",
    "synced": {
      "endpoints": true,
      "identities": true,
      "nodes": true,
      "services": true
    }
  },
  {
    "config": {
      "cluster-id": 9,
      "required": true,
      "retrieved": true,
      "sync-canaries": true
    },
    "connected": true,
    "last-failure": "2024-10-25T10:23:08.309Z",
    "name": "cmesh9",
    "num-endpoints": 3,
    "num-failures": 1,
    "num-identities": 2,
    "num-nodes": 1,
    "ready": true,
    "status": "etcd: 1/1 connected, leases=0, lock leases=1, has-quorum=true: endpoint status checks are disabled, ID: 5b34825e90bedfd9",
    "synced": {
      "endpoints": true,
      "identities": true,
      "nodes": true,
      "services": true
    }
  },
  {
    "config": {
      "cluster-id": 90,
      "required": true,
      "retrieved": true,
      "sync-canaries": true
    },
    "connected": true,
    "last-failure": "0001-01-01T00:00:00.000Z",
    "name": "cmesh90",
    "num-endpoints": 3,
    "num-identities": 2,
    "num-nodes": 1,
    "ready": true,
    "status": "etcd: 1/1 connected, leases=0, lock leases=1, has-quorum=true: endpoint status checks are disabled, ID: 3f315cb39e9899ee",
    "synced": {
      "endpoints": true,
      "identities": true,
      "nodes": true,
      "services": true
    }
  },
  {
    "config": {
      "cluster-id": 91,
      "required": true,
      "retrieved": true,
      "sync-canaries": true
    },
    "connected": true,
    "last-failure": "2024-10-25T10:23:27.273Z",
    "name": "cmesh91",
    "num-endpoints": 3,
    "num-failures": 1,
    "num-identities": 2,
    "num-nodes": 1,
    "ready": true,
    "status": "etcd: 1/1 connected, leases=0, lock leases=1, has-quorum=true: endpoint status checks are disabled, ID: 716c4b9122dea23b",
    "synced": {
      "endpoints": true,
      "identities": true,
      "nodes": true,
      "services": true
    }
  },
  {
    "config": {
      "cluster-id": 92,
      "required": true,
      "retrieved": true,
      "sync-canaries": true
    },
    "connected": true,
    "last-failure": "0001-01-01T00:00:00.000Z",
    "name": "cmesh92",
    "num-endpoints": 3,
    "num-identities": 2,
    "num-nodes": 1,
    "ready": true,
    "status": "etcd: 1/1 connected, leases=0, lock leases=1, has-quorum=true: endpoint status checks are disabled, ID: 4de986cb68207c27",
    "synced": {
      "endpoints": true,
      "identities": true,
      "nodes": true,
      "services": true
    }
  },
  {
    "config": {
      "cluster-id": 93,
      "required": true,
      "retrieved": true,
      "sync-canaries": true
    },
    "connected": true,
    "last-failure": "0001-01-01T00:00:00.000Z",
    "name": "cmesh93",
    "num-endpoints": 3,
    "num-identities": 2,
    "num-nodes": 1,
    "ready": true,
    "status": "etcd: 1/1 connected, leases=0, lock leases=1, has-quorum=true: endpoint status checks are disabled, ID: 17e4b5928a725253",
    "synced": {
      "endpoints": true,
      "identities": true,
      "nodes": true,
      "services": true
    }
  },
  {
    "config": {
      "cluster-id": 94,
      "required": true,
      "retrieved": true,
      "sync-canaries": true
    },
    "connected": true,
    "last-failure": "2024-10-25T10:23:04.062Z",
    "name": "cmesh94",
    "num-endpoints": 3,
    "num-failures": 1,
    "num-identities": 2,
    "num-nodes": 1,
    "ready": true,
    "status": "etcd: 1/1 connected, leases=0, lock leases=1, has-quorum=true: endpoint status checks are disabled, ID: f28094bc966c937b",
    "synced": {
      "endpoints": true,
      "identities": true,
      "nodes": true,
      "services": true
    }
  },
  {
    "config": {
      "cluster-id": 95,
      "required": true,
      "retrieved": true,
      "sync-canaries": true
    },
    "connected": true,
    "last-failure": "0001-01-01T00:00:00.000Z",
    "name": "cmesh95",
    "num-endpoints": 3,
    "num-identities": 2,
    "num-nodes": 1,
    "ready": true,
    "status": "etcd: 1/1 connected, leases=0, lock leases=1, has-quorum=true: endpoint status checks are disabled, ID: f7971674d1565ad4",
    "synced": {
      "endpoints": true,
      "identities": true,
      "nodes": true,
      "services": true
    }
  },
  {
    "config": {
      "cluster-id": 96,
      "required": true,
      "retrieved": true,
      "sync-canaries": true
    },
    "connected": true,
    "last-failure": "0001-01-01T00:00:00.000Z",
    "name": "cmesh96",
    "num-endpoints": 3,
    "num-identities": 2,
    "num-nodes": 1,
    "ready": true,
    "status": "etcd: 1/1 connected, leases=0, lock leases=1, has-quorum=true: endpoint status checks are disabled, ID: ab302e5e67220514",
    "synced": {
      "endpoints": true,
      "identities": true,
      "nodes": true,
      "services": true
    }
  },
  {
    "config": {
      "cluster-id": 97,
      "required": true,
      "retrieved": true,
      "sync-canaries": true
    },
    "connected": true,
    "last-failure": "0001-01-01T00:00:00.000Z",
    "name": "cmesh97",
    "num-endpoints": 3,
    "num-identities": 2,
    "num-nodes": 1,
    "ready": true,
    "status": "etcd: 1/1 connected, leases=0, lock leases=1, has-quorum=true: endpoint status checks are disabled, ID: 3531652b6bb11c85",
    "synced": {
      "endpoints": true,
      "identities": true,
      "nodes": true,
      "services": true
    }
  },
  {
    "config": {
      "cluster-id": 98,
      "required": true,
      "retrieved": true,
      "sync-canaries": true
    },
    "connected": true,
    "last-failure": "0001-01-01T00:00:00.000Z",
    "name": "cmesh98",
    "num-endpoints": 3,
    "num-identities": 2,
    "num-nodes": 1,
    "ready": true,
    "status": "etcd: 1/1 connected, leases=0, lock leases=1, has-quorum=true: endpoint status checks are disabled, ID: 3151328ba743747b",
    "synced": {
      "endpoints": true,
      "identities": true,
      "nodes": true,
      "services": true
    }
  },
  {
    "config": {
      "cluster-id": 99,
      "required": true,
      "retrieved": true,
      "sync-canaries": true
    },
    "connected": true,
    "last-failure": "0001-01-01T00:00:00.000Z",
    "name": "cmesh99",
    "num-endpoints": 3,
    "num-identities": 2,
    "num-nodes": 1,
    "ready": true,
    "status": "etcd: 1/1 connected, leases=0, lock leases=1, has-quorum=true: endpoint status checks are disabled, ID: 1127f980370343e9",
    "synced": {
      "endpoints": true,
      "identities": true,
      "nodes": true,
      "services": true
    }
  }
]

