{"ID":211,"ContainerName":"","dockerID":"9e6199b9eb866c92bbbd170c5985c9fa60e727e738e9f1aa79c357f54018f329","DockerNetworkID":"","DockerEndpointID":"","IfName":"lxce3f8f0c47f80","IfIndex":9,"ContainerIfName":"eth0","DisableLegacyIdentifiers":false,"OpLabels":{"Custom":{},"OrchestrationIdentity":{"eks.amazonaws.com/component":{"key":"eks.amazonaws.com/component","value":"coredns","source":"k8s"},"io.cilium.k8s.namespace.labels.kubernetes.io/metadata.name":{"key":"io.cilium.k8s.namespace.labels.kubernetes.io/metadata.name","value":"kube-system","source":"k8s"},"io.cilium.k8s.policy.cluster":{"key":"io.cilium.k8s.policy.cluster","value":"cmesh64","source":"k8s"},"io.cilium.k8s.policy.serviceaccount":{"key":"io.cilium.k8s.policy.serviceaccount","value":"coredns","source":"k8s"},"io.kubernetes.pod.namespace":{"key":"io.kubernetes.pod.namespace","value":"kube-system","source":"k8s"},"k8s-app":{"key":"k8s-app","value":"kube-dns","source":"k8s"}},"Disabled":{},"OrchestrationInfo":{"pod-template-hash":{"key":"pod-template-hash","value":"cc6ccd49c","source":"k8s"}}},"LXCMAC":"7e:b8:b6:6a:1f:36","IPv6":"","IPv6IPAMPool":"","IPv4":"10.63.0.119","IPv4IPAMPool":"default","NodeMAC":"9e:b5:59:d4:e7:01","SecLabel":{"id":4207172,"labels":{"eks.amazonaws.com/component":{"key":"eks.amazonaws.com/component","value":"coredns","source":"k8s"},"io.cilium.k8s.namespace.labels.kubernetes.io/metadata.name":{"key":"io.cilium.k8s.namespace.labels.kubernetes.io/metadata.name","value":"kube-system","source":"k8s"},"io.cilium.k8s.policy.cluster":{"key":"io.cilium.k8s.policy.cluster","value":"cmesh64","source":"k8s"},"io.cilium.k8s.policy.serviceaccount":{"key":"io.cilium.k8s.policy.serviceaccount","value":"coredns","source":"k8s"},"io.kubernetes.pod.namespace":{"key":"io.kubernetes.pod.namespace","value":"kube-system","source":"k8s"},"k8s-app":{"key":"k8s-app","value":"kube-dns","source":"k8s"}}},"Options":{"map":{"ConntrackAccounting":0,"ConntrackLocal":0,"Debug":0,"DebugLB":0,"DebugPolicy":0,"DropNotification":1,"MonitorAggregationLevel":3,"PolicyAccounting":1,"PolicyAuditMode":0,"PolicyVerdictNotification":1,"SourceIPVerification":1,"TraceNotification":1}},"DNSRules":{},"DNSRulesV2":{},"DNSHistory":[],"DNSZombies":{},"K8sPodName":"coredns-cc6ccd49c-h5fpx","K8sNamespace":"kube-system","K8sUID":"46d9313d-2290-4c5a-9824-52b848398c1b","DatapathConfiguration":{},"CiliumEndpointUID":"9f853885-5500-4ccb-9000-8e15c52e8aa6","Properties":{},"NetnsCookie":5}