{"ID":968,"ContainerName":"cilium-health","DockerNetworkID":"","DockerEndpointID":"","IfName":"lxc_health","IfIndex":10,"ContainerIfName":"","DisableLegacyIdentifiers":false,"OpLabels":{"Custom":{},"OrchestrationIdentity":{"health":{"key":"health","source":"reserved"}},"Disabled":{},"OrchestrationInfo":{}},"LXCMAC":"02:72:69:5e:eb:1a","IPv6":"","IPv6IPAMPool":"","IPv4":"10.49.0.77","IPv4IPAMPool":"default","NodeMAC":"9e:82:62:28:f5:03","SecLabel":{"id":4,"labels":{"health":{"key":"health","source":"reserved"}}},"Options":{"map":{"ConntrackAccounting":0,"ConntrackLocal":0,"Debug":0,"DebugLB":0,"DebugPolicy":0,"DropNotification":1,"MonitorAggregationLevel":3,"PolicyAccounting":1,"PolicyAuditMode":0,"PolicyVerdictNotification":1,"SourceIPVerification":1,"TraceNotification":1}},"DNSRules":{},"DNSRulesV2":{},"DNSHistory":[],"DNSZombies":{},"K8sPodName":"","K8sNamespace":"","K8sUID":"","DatapathConfiguration":{},"CiliumEndpointUID":"","Properties":{},"NetnsCookie":0}