{"ID":216,"ContainerName":"","dockerID":"760aa2780654ab54bc0c6c7341ce6732e5d811a1a2ebeb5d6ecf4d3e581dba43","DockerNetworkID":"","DockerEndpointID":"","IfName":"lxc507037ab939e","IfIndex":19,"ContainerIfName":"eth0","DisableLegacyIdentifiers":false,"OpLabels":{"Custom":{},"OrchestrationIdentity":{"io.cilium.k8s.namespace.labels.app.kubernetes.io/name":{"key":"io.cilium.k8s.namespace.labels.app.kubernetes.io/name","value":"cilium-cli","source":"k8s"},"io.cilium.k8s.namespace.labels.kubernetes.io/metadata.name":{"key":"io.cilium.k8s.namespace.labels.kubernetes.io/metadata.name","value":"cilium-test-1","source":"k8s"},"io.cilium.k8s.policy.cluster":{"key":"io.cilium.k8s.policy.cluster","value":"cmesh2","source":"k8s"},"io.cilium.k8s.policy.serviceaccount":{"key":"io.cilium.k8s.policy.serviceaccount","value":"client2","source":"k8s"},"io.kubernetes.pod.namespace":{"key":"io.kubernetes.pod.namespace","value":"cilium-test-1","source":"k8s"},"kind":{"key":"kind","value":"client","source":"k8s"},"name":{"key":"name","value":"client2","source":"k8s"},"other":{"key":"other","value":"client","source":"k8s"}},"Disabled":{},"OrchestrationInfo":{"pod-template-hash":{"key":"pod-template-hash","value":"57cf4468f","source":"k8s"}}},"LXCMAC":"de:87:d2:a0:f3:6b","IPv6":"","IPv6IPAMPool":"","IPv4":"10.1.0.21","IPv4IPAMPool":"default","NodeMAC":"4a:db:14:06:1c:50","SecLabel":{"id":148646,"labels":{"io.cilium.k8s.namespace.labels.app.kubernetes.io/name":{"key":"io.cilium.k8s.namespace.labels.app.kubernetes.io/name","value":"cilium-cli","source":"k8s"},"io.cilium.k8s.namespace.labels.kubernetes.io/metadata.name":{"key":"io.cilium.k8s.namespace.labels.kubernetes.io/metadata.name","value":"cilium-test-1","source":"k8s"},"io.cilium.k8s.policy.cluster":{"key":"io.cilium.k8s.policy.cluster","value":"cmesh2","source":"k8s"},"io.cilium.k8s.policy.serviceaccount":{"key":"io.cilium.k8s.policy.serviceaccount","value":"client2","source":"k8s"},"io.kubernetes.pod.namespace":{"key":"io.kubernetes.pod.namespace","value":"cilium-test-1","source":"k8s"},"kind":{"key":"kind","value":"client","source":"k8s"},"name":{"key":"name","value":"client2","source":"k8s"},"other":{"key":"other","value":"client","source":"k8s"}}},"Options":{"map":{"ConntrackAccounting":0,"ConntrackLocal":0,"Debug":0,"DebugLB":0,"DebugPolicy":0,"DropNotification":1,"MonitorAggregationLevel":3,"PolicyAccounting":1,"PolicyAuditMode":0,"PolicyVerdictNotification":1,"SourceIPVerification":1,"TraceNotification":1}},"DNSRules":{},"DNSRulesV2":{},"DNSHistory":[{"fqdn":"one.one.one.one.","lookup-time":"2024-10-24T09:24:47.472591169Z","expiration-time":"2024-10-24T09:24:49.472591169Z","ttl":2,"ips":["2606:4700:4700::1001","2606:4700:4700::1111"]},{"fqdn":"one.one.one.one.","lookup-time":"2024-10-24T09:24:47.472349884Z","expiration-time":"2024-10-24T09:24:49.472349884Z","ttl":2,"ips":["1.1.1.1","1.0.0.1"]},{"fqdn":"cilium.io.","lookup-time":"2024-10-24T09:24:51.642572674Z","expiration-time":"2024-10-24T09:25:19.642572674Z","ttl":28,"ips":["104.198.14.52"]}],"DNSZombies":{},"K8sPodName":"client2-57cf4468f-z8v9j","K8sNamespace":"cilium-test-1","K8sUID":"41b574b1-ab9f-4691-b8bd-aeb666fe89cd","DatapathConfiguration":{},"CiliumEndpointUID":"7241a147-8675-4c43-83a5-fd52b7da7bcf","Properties":{},"NetnsCookie":4104}