{"ID":484,"ContainerName":"","DockerNetworkID":"","DockerEndpointID":"","IfName":"cilium_host","IfIndex":0,"ContainerIfName":"","DisableLegacyIdentifiers":false,"OpLabels":{"Custom":{},"OrchestrationIdentity":{"host":{"key":"host","source":"reserved"},"node.kubernetes.io/instance-type":{"key":"node.kubernetes.io/instance-type","value":"t4g.large","source":"k8s"},"topology.k8s.aws/zone-id":{"key":"topology.k8s.aws/zone-id","value":"euw3-az1","source":"k8s"},"topology.kubernetes.io/region":{"key":"topology.kubernetes.io/region","value":"eu-west-3","source":"k8s"},"topology.kubernetes.io/zone":{"key":"topology.kubernetes.io/zone","value":"eu-west-3a","source":"k8s"}},"Disabled":{},"OrchestrationInfo":{"host":{"key":"host","source":"reserved"},"node.kubernetes.io/instance-type":{"key":"node.kubernetes.io/instance-type","value":"t4g.large","source":"k8s"},"topology.k8s.aws/zone-id":{"key":"topology.k8s.aws/zone-id","value":"euw3-az1","source":"k8s"},"topology.kubernetes.io/region":{"key":"topology.kubernetes.io/region","value":"eu-west-3","source":"k8s"},"topology.kubernetes.io/zone":{"key":"topology.kubernetes.io/zone","value":"eu-west-3a","source":"k8s"}}},"LXCMAC":"ee:6d:09:50:75:27","IPv6":"","IPv6IPAMPool":"","IPv4":"","IPv4IPAMPool":"","NodeMAC":"ee:6d:09:50:75:27","SecLabel":{"id":1,"labels":{"host":{"key":"host","source":"reserved"},"node.kubernetes.io/instance-type":{"key":"node.kubernetes.io/instance-type","value":"t4g.large","source":"k8s"},"topology.k8s.aws/zone-id":{"key":"topology.k8s.aws/zone-id","value":"euw3-az1","source":"k8s"},"topology.kubernetes.io/region":{"key":"topology.kubernetes.io/region","value":"eu-west-3","source":"k8s"},"topology.kubernetes.io/zone":{"key":"topology.kubernetes.io/zone","value":"eu-west-3a","source":"k8s"}}},"Options":{"map":{"ConntrackAccounting":0,"ConntrackLocal":0,"Debug":0,"DebugLB":0,"DebugPolicy":0,"DropNotification":1,"MonitorAggregationLevel":3,"PolicyAccounting":1,"PolicyAuditMode":0,"PolicyVerdictNotification":1,"SourceIPVerification":1,"TraceNotification":1}},"DNSRules":{},"DNSRulesV2":{},"DNSHistory":[],"DNSZombies":{},"K8sPodName":"","K8sNamespace":"","K8sUID":"","DatapathConfiguration":{},"CiliumEndpointUID":"","Properties":{},"NetnsCookie":0}