[
  {
    "config": {
      "cluster-id": 1,
      "required": true,
      "retrieved": true,
      "sync-canaries": true
    },
    "connected": true,
    "last-failure": "0001-01-01T00:00:00.000Z",
    "name": "cmesh1",
    "num-endpoints": 6,
    "num-identities": 5,
    "num-nodes": 1,
    "ready": true,
    "status": "etcd: 1/1 connected, leases=0, lock leases=1, has-quorum=true: endpoint status checks are disabled, ID: 89d9bfe3f443e3b5",
    "synced": {
      "endpoints": true,
      "identities": true,
      "nodes": true,
      "services": true
    }
  },
  {
    "config": {
      "cluster-id": 10,
      "required": true,
      "retrieved": true,
      "sync-canaries": true
    },
    "connected": true,
    "last-failure": "2024-10-24T12:43:05.408Z",
    "name": "cmesh10",
    "num-endpoints": 6,
    "num-failures": 1,
    "num-identities": 5,
    "num-nodes": 1,
    "ready": true,
    "status": "etcd: 1/1 connected, leases=0, lock leases=1, has-quorum=true: endpoint status checks are disabled, ID: 1672b127eb7c51ba",
    "synced": {
      "endpoints": true,
      "identities": true,
      "nodes": true,
      "services": true
    }
  },
  {
    "config": {
      "cluster-id": 100,
      "required": true,
      "retrieved": true,
      "sync-canaries": true
    },
    "connected": true,
    "last-failure": "2024-10-24T12:42:28.028Z",
    "name": "cmesh100",
    "num-endpoints": 6,
    "num-failures": 1,
    "num-identities": 5,
    "num-nodes": 1,
    "ready": true,
    "status": "etcd: 1/1 connected, leases=0, lock leases=1, has-quorum=true: endpoint status checks are disabled, ID: 2492b9db0e455212",
    "synced": {
      "endpoints": true,
      "identities": true,
      "nodes": true,
      "services": true
    }
  },
  {
    "config": {
      "cluster-id": 101,
      "required": true,
      "retrieved": true,
      "sync-canaries": true
    },
    "connected": true,
    "last-failure": "2024-10-24T12:42:21.362Z",
    "name": "cmesh101",
    "num-endpoints": 6,
    "num-failures": 1,
    "num-identities": 5,
    "num-nodes": 1,
    "ready": true,
    "status": "etcd: 1/1 connected, leases=0, lock leases=1, has-quorum=true: endpoint status checks are disabled, ID: 4baf7cd1a6ec8aa0",
    "synced": {
      "endpoints": true,
      "identities": true,
      "nodes": true,
      "services": true
    }
  },
  {
    "config": {
      "cluster-id": 102,
      "required": true,
      "retrieved": true,
      "sync-canaries": true
    },
    "connected": true,
    "last-failure": "2024-10-24T12:42:21.988Z",
    "name": "cmesh102",
    "num-endpoints": 6,
    "num-failures": 1,
    "num-identities": 5,
    "num-nodes": 1,
    "ready": true,
    "status": "etcd: 1/1 connected, leases=0, lock leases=1, has-quorum=true: endpoint status checks are disabled, ID: c788c8d3cb91aeed",
    "synced": {
      "endpoints": true,
      "identities": true,
      "nodes": true,
      "services": true
    }
  },
  {
    "config": {
      "cluster-id": 103,
      "required": true,
      "retrieved": true,
      "sync-canaries": true
    },
    "connected": true,
    "last-failure": "2024-10-24T12:41:02.582Z",
    "name": "cmesh103",
    "num-endpoints": 6,
    "num-failures": 1,
    "num-identities": 5,
    "num-nodes": 1,
    "ready": true,
    "status": "etcd: 1/1 connected, leases=0, lock leases=1, has-quorum=true: endpoint status checks are disabled, ID: d79a3dfa195c9a25",
    "synced": {
      "endpoints": true,
      "identities": true,
      "nodes": true,
      "services": true
    }
  },
  {
    "config": {
      "cluster-id": 104,
      "required": true,
      "retrieved": true,
      "sync-canaries": true
    },
    "connected": true,
    "last-failure": "2024-10-24T12:41:54.861Z",
    "name": "cmesh104",
    "num-endpoints": 6,
    "num-failures": 1,
    "num-identities": 5,
    "num-nodes": 1,
    "ready": true,
    "status": "etcd: 1/1 connected, leases=0, lock leases=1, has-quorum=true: endpoint status checks are disabled, ID: 1cfcd736de815091",
    "synced": {
      "endpoints": true,
      "identities": true,
      "nodes": true,
      "services": true
    }
  },
  {
    "config": {
      "cluster-id": 105,
      "required": true,
      "retrieved": true,
      "sync-canaries": true
    },
    "connected": true,
    "last-failure": "2024-10-24T12:41:19.453Z",
    "name": "cmesh105",
    "num-endpoints": 6,
    "num-failures": 1,
    "num-identities": 5,
    "num-nodes": 1,
    "ready": true,
    "status": "etcd: 1/1 connected, leases=0, lock leases=1, has-quorum=true: endpoint status checks are disabled, ID: d9290e2e995e1137",
    "synced": {
      "endpoints": true,
      "identities": true,
      "nodes": true,
      "services": true
    }
  },
  {
    "config": {
      "cluster-id": 106,
      "required": true,
      "retrieved": true,
      "sync-canaries": true
    },
    "connected": true,
    "last-failure": "2024-10-24T12:41:47.763Z",
    "name": "cmesh106",
    "num-endpoints": 6,
    "num-failures": 1,
    "num-identities": 5,
    "num-nodes": 1,
    "ready": true,
    "status": "etcd: 1/1 connected, leases=0, lock leases=1, has-quorum=true: endpoint status checks are disabled, ID: de63a0061f42954c",
    "synced": {
      "endpoints": true,
      "identities": true,
      "nodes": true,
      "services": true
    }
  },
  {
    "config": {
      "cluster-id": 107,
      "required": true,
      "retrieved": true,
      "sync-canaries": true
    },
    "connected": true,
    "last-failure": "2024-10-24T12:41:47.606Z",
    "name": "cmesh107",
    "num-endpoints": 6,
    "num-failures": 1,
    "num-identities": 5,
    "num-nodes": 1,
    "ready": true,
    "status": "etcd: 1/1 connected, leases=0, lock leases=1, has-quorum=true: endpoint status checks are disabled, ID: 818a72dbe030ce8f",
    "synced": {
      "endpoints": true,
      "identities": true,
      "nodes": true,
      "services": true
    }
  },
  {
    "config": {
      "cluster-id": 108,
      "required": true,
      "retrieved": true,
      "sync-canaries": true
    },
    "connected": true,
    "last-failure": "2024-10-24T12:42:36.580Z",
    "name": "cmesh108",
    "num-endpoints": 6,
    "num-failures": 1,
    "num-identities": 5,
    "num-nodes": 1,
    "ready": true,
    "status": "etcd: 1/1 connected, leases=0, lock leases=1, has-quorum=true: endpoint status checks are disabled, ID: 2cf07d380b700b07",
    "synced": {
      "endpoints": true,
      "identities": true,
      "nodes": true,
      "services": true
    }
  },
  {
    "config": {
      "cluster-id": 109,
      "required": true,
      "retrieved": true,
      "sync-canaries": true
    },
    "connected": true,
    "last-failure": "2024-10-24T12:43:10.505Z",
    "name": "cmesh109",
    "num-endpoints": 6,
    "num-failures": 1,
    "num-identities": 5,
    "num-nodes": 1,
    "ready": true,
    "status": "etcd: 1/1 connected, leases=0, lock leases=1, has-quorum=true: endpoint status checks are disabled, ID: a43671ab00a2b82c",
    "synced": {
      "endpoints": true,
      "identities": true,
      "nodes": true,
      "services": true
    }
  },
  {
    "config": {
      "cluster-id": 11,
      "required": true,
      "retrieved": true,
      "sync-canaries": true
    },
    "connected": true,
    "last-failure": "2024-10-24T12:43:06.218Z",
    "name": "cmesh11",
    "num-endpoints": 6,
    "num-failures": 1,
    "num-identities": 5,
    "num-nodes": 1,
    "ready": true,
    "status": "etcd: 1/1 connected, leases=0, lock leases=1, has-quorum=true: endpoint status checks are disabled, ID: 5f4491f8a56ab97a",
    "synced": {
      "endpoints": true,
      "identities": true,
      "nodes": true,
      "services": true
    }
  },
  {
    "config": {
      "cluster-id": 110,
      "required": true,
      "retrieved": true,
      "sync-canaries": true
    },
    "connected": true,
    "last-failure": "2024-10-24T12:41:24.250Z",
    "name": "cmesh110",
    "num-endpoints": 6,
    "num-failures": 1,
    "num-identities": 5,
    "num-nodes": 1,
    "ready": true,
    "status": "etcd: 1/1 connected, leases=0, lock leases=1, has-quorum=true: endpoint status checks are disabled, ID: 4174bd4b6c7b19bc",
    "synced": {
      "endpoints": true,
      "identities": true,
      "nodes": true,
      "services": true
    }
  },
  {
    "config": {
      "cluster-id": 111,
      "required": true,
      "retrieved": true,
      "sync-canaries": true
    },
    "connected": true,
    "last-failure": "2024-10-24T12:42:56.494Z",
    "name": "cmesh111",
    "num-endpoints": 6,
    "num-failures": 1,
    "num-identities": 5,
    "num-nodes": 1,
    "ready": true,
    "status": "etcd: 1/1 connected, leases=0, lock leases=1, has-quorum=true: endpoint status checks are disabled, ID: 3951da1363ef2cff",
    "synced": {
      "endpoints": true,
      "identities": true,
      "nodes": true,
      "services": true
    }
  },
  {
    "config": {
      "cluster-id": 112,
      "required": true,
      "retrieved": true,
      "sync-canaries": true
    },
    "connected": true,
    "last-failure": "2024-10-24T12:42:38.883Z",
    "name": "cmesh112",
    "num-endpoints": 6,
    "num-failures": 1,
    "num-identities": 5,
    "num-nodes": 1,
    "ready": true,
    "status": "etcd: 1/1 connected, leases=0, lock leases=1, has-quorum=true: endpoint status checks are disabled, ID: 5db31c3f700edd13",
    "synced": {
      "endpoints": true,
      "identities": true,
      "nodes": true,
      "services": true
    }
  },
  {
    "config": {
      "cluster-id": 113,
      "required": true,
      "retrieved": true,
      "sync-canaries": true
    },
    "connected": true,
    "last-failure": "2024-10-24T12:42:09.985Z",
    "name": "cmesh113",
    "num-endpoints": 6,
    "num-failures": 1,
    "num-identities": 5,
    "num-nodes": 1,
    "ready": true,
    "status": "etcd: 1/1 connected, leases=0, lock leases=1, has-quorum=true: endpoint status checks are disabled, ID: d26f4b8668e16c41",
    "synced": {
      "endpoints": true,
      "identities": true,
      "nodes": true,
      "services": true
    }
  },
  {
    "config": {
      "cluster-id": 114,
      "required": true,
      "retrieved": true,
      "sync-canaries": true
    },
    "connected": true,
    "last-failure": "2024-10-24T12:41:23.030Z",
    "name": "cmesh114",
    "num-endpoints": 6,
    "num-failures": 1,
    "num-identities": 5,
    "num-nodes": 1,
    "ready": true,
    "status": "etcd: 1/1 connected, leases=0, lock leases=1, has-quorum=true: endpoint status checks are disabled, ID: d9e726c1a7145f79",
    "synced": {
      "endpoints": true,
      "identities": true,
      "nodes": true,
      "services": true
    }
  },
  {
    "config": {
      "cluster-id": 115,
      "required": true,
      "retrieved": true,
      "sync-canaries": true
    },
    "connected": true,
    "last-failure": "2024-10-24T12:41:07.686Z",
    "name": "cmesh115",
    "num-endpoints": 6,
    "num-failures": 1,
    "num-identities": 5,
    "num-nodes": 1,
    "ready": true,
    "status": "etcd: 1/1 connected, leases=0, lock leases=1, has-quorum=true: endpoint status checks are disabled, ID: 17a0300e47f2d2ad",
    "synced": {
      "endpoints": true,
      "identities": true,
      "nodes": true,
      "services": true
    }
  },
  {
    "config": {
      "cluster-id": 116,
      "required": true,
      "retrieved": true,
      "sync-canaries": true
    },
    "connected": true,
    "last-failure": "2024-10-24T12:42:04.987Z",
    "name": "cmesh116",
    "num-endpoints": 6,
    "num-failures": 1,
    "num-identities": 5,
    "num-nodes": 1,
    "ready": true,
    "status": "etcd: 1/1 connected, leases=0, lock leases=1, has-quorum=true: endpoint status checks are disabled, ID: 8cf531efcf402c4c",
    "synced": {
      "endpoints": true,
      "identities": true,
      "nodes": true,
      "services": true
    }
  },
  {
    "config": {
      "cluster-id": 117,
      "required": true,
      "retrieved": true,
      "sync-canaries": true
    },
    "connected": true,
    "last-failure": "2024-10-24T12:41:02.683Z",
    "name": "cmesh117",
    "num-endpoints": 6,
    "num-failures": 1,
    "num-identities": 5,
    "num-nodes": 1,
    "ready": true,
    "status": "etcd: 1/1 connected, leases=0, lock leases=1, has-quorum=true: endpoint status checks are disabled, ID: a83a0bac0772661d",
    "synced": {
      "endpoints": true,
      "identities": true,
      "nodes": true,
      "services": true
    }
  },
  {
    "config": {
      "cluster-id": 118,
      "required": true,
      "retrieved": true,
      "sync-canaries": true
    },
    "connected": true,
    "last-failure": "2024-10-24T12:41:51.422Z",
    "name": "cmesh118",
    "num-endpoints": 6,
    "num-failures": 1,
    "num-identities": 5,
    "num-nodes": 1,
    "ready": true,
    "status": "etcd: 1/1 connected, leases=0, lock leases=1, has-quorum=true: endpoint status checks are disabled, ID: 795a594d370dd400",
    "synced": {
      "endpoints": true,
      "identities": true,
      "nodes": true,
      "services": true
    }
  },
  {
    "config": {
      "cluster-id": 119,
      "required": true,
      "retrieved": true,
      "sync-canaries": true
    },
    "connected": true,
    "last-failure": "2024-10-24T12:41:51.110Z",
    "name": "cmesh119",
    "num-endpoints": 6,
    "num-failures": 1,
    "num-identities": 5,
    "num-nodes": 1,
    "ready": true,
    "status": "etcd: 1/1 connected, leases=0, lock leases=1, has-quorum=true: endpoint status checks are disabled, ID: 632566f1d3748cfc",
    "synced": {
      "endpoints": true,
      "identities": true,
      "nodes": true,
      "services": true
    }
  },
  {
    "config": {
      "cluster-id": 12,
      "required": true,
      "retrieved": true,
      "sync-canaries": true
    },
    "connected": true,
    "last-failure": "2024-10-24T12:42:52.706Z",
    "name": "cmesh12",
    "num-endpoints": 6,
    "num-failures": 1,
    "num-identities": 5,
    "num-nodes": 1,
    "ready": true,
    "status": "etcd: 1/1 connected, leases=0, lock leases=1, has-quorum=true: endpoint status checks are disabled, ID: 7b0e301e46237e79",
    "synced": {
      "endpoints": true,
      "identities": true,
      "nodes": true,
      "services": true
    }
  },
  {
    "config": {
      "cluster-id": 120,
      "required": true,
      "retrieved": true,
      "sync-canaries": true
    },
    "connected": true,
    "last-failure": "2024-10-24T12:41:24.242Z",
    "name": "cmesh120",
    "num-endpoints": 6,
    "num-failures": 1,
    "num-identities": 5,
    "num-nodes": 1,
    "ready": true,
    "status": "etcd: 1/1 connected, leases=0, lock leases=1, has-quorum=true: endpoint status checks are disabled, ID: 81ccab77c40c348b",
    "synced": {
      "endpoints": true,
      "identities": true,
      "nodes": true,
      "services": true
    }
  },
  {
    "config": {
      "cluster-id": 121,
      "required": true,
      "retrieved": true,
      "sync-canaries": true
    },
    "connected": true,
    "last-failure": "2024-10-24T12:41:55.611Z",
    "name": "cmesh121",
    "num-endpoints": 6,
    "num-failures": 1,
    "num-identities": 5,
    "num-nodes": 1,
    "ready": true,
    "status": "etcd: 1/1 connected, leases=0, lock leases=1, has-quorum=true: endpoint status checks are disabled, ID: 170062fe83745285",
    "synced": {
      "endpoints": true,
      "identities": true,
      "nodes": true,
      "services": true
    }
  },
  {
    "config": {
      "cluster-id": 122,
      "required": true,
      "retrieved": true,
      "sync-canaries": true
    },
    "connected": true,
    "last-failure": "2024-10-24T12:41:36.315Z",
    "name": "cmesh122",
    "num-endpoints": 6,
    "num-failures": 1,
    "num-identities": 5,
    "num-nodes": 1,
    "ready": true,
    "status": "etcd: 1/1 connected, leases=0, lock leases=1, has-quorum=true: endpoint status checks are disabled, ID: 54752d826c32c750",
    "synced": {
      "endpoints": true,
      "identities": true,
      "nodes": true,
      "services": true
    }
  },
  {
    "config": {
      "cluster-id": 123,
      "required": true,
      "retrieved": true,
      "sync-canaries": true
    },
    "connected": true,
    "last-failure": "2024-10-24T12:43:01.317Z",
    "name": "cmesh123",
    "num-endpoints": 6,
    "num-failures": 1,
    "num-identities": 5,
    "num-nodes": 1,
    "ready": true,
    "status": "etcd: 1/1 connected, leases=0, lock leases=1, has-quorum=true: endpoint status checks are disabled, ID: bef68141fcb6ada7",
    "synced": {
      "endpoints": true,
      "identities": true,
      "nodes": true,
      "services": true
    }
  },
  {
    "config": {
      "cluster-id": 124,
      "required": true,
      "retrieved": true,
      "sync-canaries": true
    },
    "connected": true,
    "last-failure": "2024-10-24T12:42:55.815Z",
    "name": "cmesh124",
    "num-endpoints": 6,
    "num-failures": 1,
    "num-identities": 5,
    "num-nodes": 1,
    "ready": true,
    "status": "etcd: 1/1 connected, leases=0, lock leases=1, has-quorum=true: endpoint status checks are disabled, ID: 8c9e3e48ef81d18f",
    "synced": {
      "endpoints": true,
      "identities": true,
      "nodes": true,
      "services": true
    }
  },
  {
    "config": {
      "cluster-id": 125,
      "required": true,
      "retrieved": true,
      "sync-canaries": true
    },
    "connected": true,
    "last-failure": "2024-10-24T12:42:53.870Z",
    "name": "cmesh125",
    "num-endpoints": 6,
    "num-failures": 1,
    "num-identities": 5,
    "num-nodes": 1,
    "ready": true,
    "status": "etcd: 1/1 connected, leases=0, lock leases=1, has-quorum=true: endpoint status checks are disabled, ID: e2e33661faff8d8d",
    "synced": {
      "endpoints": true,
      "identities": true,
      "nodes": true,
      "services": true
    }
  },
  {
    "config": {
      "cluster-id": 126,
      "required": true,
      "retrieved": true,
      "sync-canaries": true
    },
    "connected": true,
    "last-failure": "2024-10-24T12:41:40.175Z",
    "name": "cmesh126",
    "num-endpoints": 6,
    "num-failures": 1,
    "num-identities": 5,
    "num-nodes": 1,
    "ready": true,
    "status": "etcd: 1/1 connected, leases=0, lock leases=1, has-quorum=true: endpoint status checks are disabled, ID: 172c906d35b442b5",
    "synced": {
      "endpoints": true,
      "identities": true,
      "nodes": true,
      "services": true
    }
  },
  {
    "config": {
      "cluster-id": 127,
      "required": true,
      "retrieved": true,
      "sync-canaries": true
    },
    "connected": true,
    "last-failure": "2024-10-24T12:42:55.914Z",
    "name": "cmesh127",
    "num-endpoints": 6,
    "num-failures": 1,
    "num-identities": 5,
    "num-nodes": 1,
    "ready": true,
    "status": "etcd: 1/1 connected, leases=0, lock leases=1, has-quorum=true: endpoint status checks are disabled, ID: 4971a15884185703",
    "synced": {
      "endpoints": true,
      "identities": true,
      "nodes": true,
      "services": true
    }
  },
  {
    "config": {
      "cluster-id": 128,
      "required": true,
      "retrieved": true,
      "sync-canaries": true
    },
    "connected": true,
    "last-failure": "2024-10-24T12:42:21.951Z",
    "name": "cmesh128",
    "num-endpoints": 6,
    "num-failures": 1,
    "num-identities": 5,
    "num-nodes": 1,
    "ready": true,
    "status": "etcd: 1/1 connected, leases=0, lock leases=1, has-quorum=true: endpoint status checks are disabled, ID: 6e67e94dcb64ff85",
    "synced": {
      "endpoints": true,
      "identities": true,
      "nodes": true,
      "services": true
    }
  },
  {
    "config": {
      "cluster-id": 13,
      "required": true,
      "retrieved": true,
      "sync-canaries": true
    },
    "connected": true,
    "last-failure": "2024-10-24T12:42:35.628Z",
    "name": "cmesh13",
    "num-endpoints": 6,
    "num-failures": 1,
    "num-identities": 5,
    "num-nodes": 1,
    "ready": true,
    "status": "etcd: 1/1 connected, leases=0, lock leases=1, has-quorum=true: endpoint status checks are disabled, ID: 9f769d1220fee1fd",
    "synced": {
      "endpoints": true,
      "identities": true,
      "nodes": true,
      "services": true
    }
  },
  {
    "config": {
      "cluster-id": 14,
      "required": true,
      "retrieved": true,
      "sync-canaries": true
    },
    "connected": true,
    "last-failure": "2024-10-24T12:42:07.768Z",
    "name": "cmesh14",
    "num-endpoints": 6,
    "num-failures": 1,
    "num-identities": 5,
    "num-nodes": 1,
    "ready": true,
    "status": "etcd: 1/1 connected, leases=0, lock leases=1, has-quorum=true: endpoint status checks are disabled, ID: e72160a3f8fdb67e",
    "synced": {
      "endpoints": true,
      "identities": true,
      "nodes": true,
      "services": true
    }
  },
  {
    "config": {
      "cluster-id": 15,
      "required": true,
      "retrieved": true,
      "sync-canaries": true
    },
    "connected": true,
    "last-failure": "2024-10-24T12:42:14.923Z",
    "name": "cmesh15",
    "num-endpoints": 6,
    "num-failures": 1,
    "num-identities": 5,
    "num-nodes": 1,
    "ready": true,
    "status": "etcd: 1/1 connected, leases=0, lock leases=1, has-quorum=true: endpoint status checks are disabled, ID: 9845611981276d98",
    "synced": {
      "endpoints": true,
      "identities": true,
      "nodes": true,
      "services": true
    }
  },
  {
    "config": {
      "cluster-id": 16,
      "required": true,
      "retrieved": true,
      "sync-canaries": true
    },
    "connected": true,
    "last-failure": "2024-10-24T12:43:00.801Z",
    "name": "cmesh16",
    "num-endpoints": 6,
    "num-failures": 1,
    "num-identities": 5,
    "num-nodes": 1,
    "ready": true,
    "status": "etcd: 1/1 connected, leases=0, lock leases=1, has-quorum=true: endpoint status checks are disabled, ID: eae6ec304ecd75c6",
    "synced": {
      "endpoints": true,
      "identities": true,
      "nodes": true,
      "services": true
    }
  },
  {
    "config": {
      "cluster-id": 17,
      "required": true,
      "retrieved": true,
      "sync-canaries": true
    },
    "connected": true,
    "last-failure": "2024-10-24T12:42:10.513Z",
    "name": "cmesh17",
    "num-endpoints": 6,
    "num-failures": 1,
    "num-identities": 5,
    "num-nodes": 1,
    "ready": true,
    "status": "etcd: 1/1 connected, leases=0, lock leases=1, has-quorum=true: endpoint status checks are disabled, ID: 6e588bc32dc0a0b8",
    "synced": {
      "endpoints": true,
      "identities": true,
      "nodes": true,
      "services": true
    }
  },
  {
    "config": {
      "cluster-id": 18,
      "required": true,
      "retrieved": true,
      "sync-canaries": true
    },
    "connected": true,
    "last-failure": "2024-10-24T12:43:05.492Z",
    "name": "cmesh18",
    "num-endpoints": 6,
    "num-failures": 1,
    "num-identities": 5,
    "num-nodes": 1,
    "ready": true,
    "status": "etcd: 1/1 connected, leases=0, lock leases=1, has-quorum=true: endpoint status checks are disabled, ID: af192f8c471c5c3c",
    "synced": {
      "endpoints": true,
      "identities": true,
      "nodes": true,
      "services": true
    }
  },
  {
    "config": {
      "cluster-id": 19,
      "required": true,
      "retrieved": true,
      "sync-canaries": true
    },
    "connected": true,
    "last-failure": "2024-10-24T12:42:35.697Z",
    "name": "cmesh19",
    "num-endpoints": 6,
    "num-failures": 1,
    "num-identities": 5,
    "num-nodes": 1,
    "ready": true,
    "status": "etcd: 1/1 connected, leases=0, lock leases=1, has-quorum=true: endpoint status checks are disabled, ID: c901fffb956316e0",
    "synced": {
      "endpoints": true,
      "identities": true,
      "nodes": true,
      "services": true
    }
  },
  {
    "config": {
      "cluster-id": 2,
      "required": true,
      "retrieved": true,
      "sync-canaries": true
    },
    "connected": true,
    "last-failure": "2024-10-24T12:43:03.216Z",
    "name": "cmesh2",
    "num-endpoints": 6,
    "num-failures": 1,
    "num-identities": 5,
    "num-nodes": 1,
    "ready": true,
    "status": "etcd: 1/1 connected, leases=0, lock leases=1, has-quorum=true: endpoint status checks are disabled, ID: 14556270a3a8f367",
    "synced": {
      "endpoints": true,
      "identities": true,
      "nodes": true,
      "services": true
    }
  },
  {
    "config": {
      "cluster-id": 20,
      "required": true,
      "retrieved": true,
      "sync-canaries": true
    },
    "connected": true,
    "last-failure": "2024-10-24T12:41:59.994Z",
    "name": "cmesh20",
    "num-endpoints": 6,
    "num-failures": 1,
    "num-identities": 5,
    "num-nodes": 1,
    "ready": true,
    "status": "etcd: 1/1 connected, leases=0, lock leases=1, has-quorum=true: endpoint status checks are disabled, ID: 6a35835d9235915f",
    "synced": {
      "endpoints": true,
      "identities": true,
      "nodes": true,
      "services": true
    }
  },
  {
    "config": {
      "cluster-id": 21,
      "required": true,
      "retrieved": true,
      "sync-canaries": true
    },
    "connected": true,
    "last-failure": "2024-10-24T12:41:02.738Z",
    "name": "cmesh21",
    "num-endpoints": 6,
    "num-failures": 1,
    "num-identities": 5,
    "num-nodes": 1,
    "ready": true,
    "status": "etcd: 1/1 connected, leases=0, lock leases=1, has-quorum=true: endpoint status checks are disabled, ID: 37cfe6b3c76234e",
    "synced": {
      "endpoints": true,
      "identities": true,
      "nodes": true,
      "services": true
    }
  },
  {
    "config": {
      "cluster-id": 22,
      "required": true,
      "retrieved": true,
      "sync-canaries": true
    },
    "connected": true,
    "last-failure": "2024-10-24T12:42:20.637Z",
    "name": "cmesh22",
    "num-endpoints": 6,
    "num-failures": 1,
    "num-identities": 5,
    "num-nodes": 1,
    "ready": true,
    "status": "etcd: 1/1 connected, leases=0, lock leases=1, has-quorum=true: endpoint status checks are disabled, ID: e536f2a7d63e72ed",
    "synced": {
      "endpoints": true,
      "identities": true,
      "nodes": true,
      "services": true
    }
  },
  {
    "config": {
      "cluster-id": 23,
      "required": true,
      "retrieved": true,
      "sync-canaries": true
    },
    "connected": true,
    "last-failure": "2024-10-24T12:42:56.014Z",
    "name": "cmesh23",
    "num-endpoints": 6,
    "num-failures": 1,
    "num-identities": 5,
    "num-nodes": 1,
    "ready": true,
    "status": "etcd: 1/1 connected, leases=0, lock leases=1, has-quorum=true: endpoint status checks are disabled, ID: 3103cbd565c5598f",
    "synced": {
      "endpoints": true,
      "identities": true,
      "nodes": true,
      "services": true
    }
  },
  {
    "config": {
      "cluster-id": 24,
      "required": true,
      "retrieved": true,
      "sync-canaries": true
    },
    "connected": true,
    "last-failure": "2024-10-24T12:42:16.545Z",
    "name": "cmesh24",
    "num-endpoints": 6,
    "num-failures": 1,
    "num-identities": 5,
    "num-nodes": 1,
    "ready": true,
    "status": "etcd: 1/1 connected, leases=0, lock leases=1, has-quorum=true: endpoint status checks are disabled, ID: 90455fbdeba9303a",
    "synced": {
      "endpoints": true,
      "identities": true,
      "nodes": true,
      "services": true
    }
  },
  {
    "config": {
      "cluster-id": 25,
      "required": true,
      "retrieved": true,
      "sync-canaries": true
    },
    "connected": true,
    "last-failure": "2024-10-24T12:42:36.750Z",
    "name": "cmesh25",
    "num-endpoints": 6,
    "num-failures": 1,
    "num-identities": 5,
    "num-nodes": 1,
    "ready": true,
    "status": "etcd: 1/1 connected, leases=0, lock leases=1, has-quorum=true: endpoint status checks are disabled, ID: bf25f8ceb9228e94",
    "synced": {
      "endpoints": true,
      "identities": true,
      "nodes": true,
      "services": true
    }
  },
  {
    "config": {
      "cluster-id": 26,
      "required": true,
      "retrieved": true,
      "sync-canaries": true
    },
    "connected": true,
    "last-failure": "2024-10-24T12:42:08.269Z",
    "name": "cmesh26",
    "num-endpoints": 6,
    "num-failures": 1,
    "num-identities": 5,
    "num-nodes": 1,
    "ready": true,
    "status": "etcd: 1/1 connected, leases=0, lock leases=1, has-quorum=true: endpoint status checks are disabled, ID: 44618032f2edb86d",
    "synced": {
      "endpoints": true,
      "identities": true,
      "nodes": true,
      "services": true
    }
  },
  {
    "config": {
      "cluster-id": 27,
      "required": true,
      "retrieved": true,
      "sync-canaries": true
    },
    "connected": true,
    "last-failure": "2024-10-24T12:43:01.907Z",
    "name": "cmesh27",
    "num-endpoints": 6,
    "num-failures": 1,
    "num-identities": 5,
    "num-nodes": 1,
    "ready": true,
    "status": "etcd: 1/1 connected, leases=0, lock leases=1, has-quorum=true: endpoint status checks are disabled, ID: 24825177676a7c71",
    "synced": {
      "endpoints": true,
      "identities": true,
      "nodes": true,
      "services": true
    }
  },
  {
    "config": {
      "cluster-id": 28,
      "required": true,
      "retrieved": true,
      "sync-canaries": true
    },
    "connected": true,
    "last-failure": "2024-10-24T12:42:21.540Z",
    "name": "cmesh28",
    "num-endpoints": 6,
    "num-failures": 1,
    "num-identities": 5,
    "num-nodes": 1,
    "ready": true,
    "status": "etcd: 1/1 connected, leases=0, lock leases=1, has-quorum=true: endpoint status checks are disabled, ID: 3f1ed08ae07f3d8d",
    "synced": {
      "endpoints": true,
      "identities": true,
      "nodes": true,
      "services": true
    }
  },
  {
    "config": {
      "cluster-id": 29,
      "required": true,
      "retrieved": true,
      "sync-canaries": true
    },
    "connected": true,
    "last-failure": "2024-10-24T12:41:32.996Z",
    "name": "cmesh29",
    "num-endpoints": 6,
    "num-failures": 1,
    "num-identities": 5,
    "num-nodes": 1,
    "ready": true,
    "status": "etcd: 1/1 connected, leases=0, lock leases=1, has-quorum=true: endpoint status checks are disabled, ID: f5954b12be75403",
    "synced": {
      "endpoints": true,
      "identities": true,
      "nodes": true,
      "services": true
    }
  },
  {
    "config": {
      "cluster-id": 3,
      "required": true,
      "retrieved": true,
      "sync-canaries": true
    },
    "connected": true,
    "last-failure": "2024-10-24T12:42:57.708Z",
    "name": "cmesh3",
    "num-endpoints": 6,
    "num-failures": 1,
    "num-identities": 5,
    "num-nodes": 1,
    "ready": true,
    "status": "etcd: 1/1 connected, leases=0, lock leases=1, has-quorum=true: endpoint status checks are disabled, ID: 60d7aa4229bd0357",
    "synced": {
      "endpoints": true,
      "identities": true,
      "nodes": true,
      "services": true
    }
  },
  {
    "config": {
      "cluster-id": 30,
      "required": true,
      "retrieved": true,
      "sync-canaries": true
    },
    "connected": true,
    "last-failure": "2024-10-24T12:42:09.182Z",
    "name": "cmesh30",
    "num-endpoints": 6,
    "num-failures": 1,
    "num-identities": 5,
    "num-nodes": 1,
    "ready": true,
    "status": "etcd: 1/1 connected, leases=0, lock leases=1, has-quorum=true: endpoint status checks are disabled, ID: 11dec5bf9b135618",
    "synced": {
      "endpoints": true,
      "identities": true,
      "nodes": true,
      "services": true
    }
  },
  {
    "config": {
      "cluster-id": 31,
      "required": true,
      "retrieved": true,
      "sync-canaries": true
    },
    "connected": true,
    "last-failure": "2024-10-24T12:41:48.791Z",
    "name": "cmesh31",
    "num-endpoints": 6,
    "num-failures": 1,
    "num-identities": 5,
    "num-nodes": 1,
    "ready": true,
    "status": "etcd: 1/1 connected, leases=0, lock leases=1, has-quorum=true: endpoint status checks are disabled, ID: 7e873b5ba3095355",
    "synced": {
      "endpoints": true,
      "identities": true,
      "nodes": true,
      "services": true
    }
  },
  {
    "config": {
      "cluster-id": 32,
      "required": true,
      "retrieved": true,
      "sync-canaries": true
    },
    "connected": true,
    "last-failure": "2024-10-24T12:41:03.837Z",
    "name": "cmesh32",
    "num-endpoints": 6,
    "num-failures": 1,
    "num-identities": 5,
    "num-nodes": 1,
    "ready": true,
    "status": "etcd: 1/1 connected, leases=0, lock leases=1, has-quorum=true: endpoint status checks are disabled, ID: 62ea00e5baa1d643",
    "synced": {
      "endpoints": true,
      "identities": true,
      "nodes": true,
      "services": true
    }
  },
  {
    "config": {
      "cluster-id": 33,
      "required": true,
      "retrieved": true,
      "sync-canaries": true
    },
    "connected": true,
    "last-failure": "2024-10-24T12:41:07.224Z",
    "name": "cmesh33",
    "num-endpoints": 6,
    "num-failures": 1,
    "num-identities": 5,
    "num-nodes": 1,
    "ready": true,
    "status": "etcd: 1/1 connected, leases=0, lock leases=1, has-quorum=true: endpoint status checks are disabled, ID: eb9fdfd18b18d813",
    "synced": {
      "endpoints": true,
      "identities": true,
      "nodes": true,
      "services": true
    }
  },
  {
    "config": {
      "cluster-id": 34,
      "required": true,
      "retrieved": true,
      "sync-canaries": true
    },
    "connected": true,
    "last-failure": "2024-10-24T12:43:06.190Z",
    "name": "cmesh34",
    "num-endpoints": 6,
    "num-failures": 1,
    "num-identities": 5,
    "num-nodes": 1,
    "ready": true,
    "status": "etcd: 1/1 connected, leases=0, lock leases=1, has-quorum=true: endpoint status checks are disabled, ID: 13931ddb72f9d53b",
    "synced": {
      "endpoints": true,
      "identities": true,
      "nodes": true,
      "services": true
    }
  },
  {
    "config": {
      "cluster-id": 35,
      "required": true,
      "retrieved": true,
      "sync-canaries": true
    },
    "connected": true,
    "last-failure": "2024-10-24T12:42:36.435Z",
    "name": "cmesh35",
    "num-endpoints": 6,
    "num-failures": 1,
    "num-identities": 5,
    "num-nodes": 1,
    "ready": true,
    "status": "etcd: 1/1 connected, leases=0, lock leases=1, has-quorum=true: endpoint status checks are disabled, ID: cadf3d334de77f88",
    "synced": {
      "endpoints": true,
      "identities": true,
      "nodes": true,
      "services": true
    }
  },
  {
    "config": {
      "cluster-id": 36,
      "required": true,
      "retrieved": true,
      "sync-canaries": true
    },
    "connected": true,
    "last-failure": "2024-10-24T12:42:56.119Z",
    "name": "cmesh36",
    "num-endpoints": 6,
    "num-failures": 1,
    "num-identities": 5,
    "num-nodes": 1,
    "ready": true,
    "status": "etcd: 1/1 connected, leases=0, lock leases=1, has-quorum=true: endpoint status checks are disabled, ID: 76fae6ee55a493bd",
    "synced": {
      "endpoints": true,
      "identities": true,
      "nodes": true,
      "services": true
    }
  },
  {
    "config": {
      "cluster-id": 37,
      "required": true,
      "retrieved": true,
      "sync-canaries": true
    },
    "connected": true,
    "last-failure": "2024-10-24T12:41:02.568Z",
    "name": "cmesh37",
    "num-endpoints": 6,
    "num-failures": 1,
    "num-identities": 5,
    "num-nodes": 1,
    "ready": true,
    "status": "etcd: 1/1 connected, leases=0, lock leases=1, has-quorum=true: endpoint status checks are disabled, ID: fbb0d86ac74c729d",
    "synced": {
      "endpoints": true,
      "identities": true,
      "nodes": true,
      "services": true
    }
  },
  {
    "config": {
      "cluster-id": 38,
      "required": true,
      "retrieved": true,
      "sync-canaries": true
    },
    "connected": true,
    "last-failure": "2024-10-24T12:42:21.097Z",
    "name": "cmesh38",
    "num-endpoints": 6,
    "num-failures": 1,
    "num-identities": 5,
    "num-nodes": 1,
    "ready": true,
    "status": "etcd: 1/1 connected, leases=0, lock leases=1, has-quorum=true: endpoint status checks are disabled, ID: 863c5ef5edc52fed",
    "synced": {
      "endpoints": true,
      "identities": true,
      "nodes": true,
      "services": true
    }
  },
  {
    "config": {
      "cluster-id": 39,
      "required": true,
      "retrieved": true,
      "sync-canaries": true
    },
    "connected": true,
    "last-failure": "2024-10-24T12:41:34.869Z",
    "name": "cmesh39",
    "num-endpoints": 6,
    "num-failures": 1,
    "num-identities": 5,
    "num-nodes": 1,
    "ready": true,
    "status": "etcd: 1/1 connected, leases=0, lock leases=1, has-quorum=true: endpoint status checks are disabled, ID: 49380f579e4ea80a",
    "synced": {
      "endpoints": true,
      "identities": true,
      "nodes": true,
      "services": true
    }
  },
  {
    "config": {
      "cluster-id": 4,
      "required": true,
      "retrieved": true,
      "sync-canaries": true
    },
    "connected": true,
    "last-failure": "2024-10-24T12:41:02.337Z",
    "name": "cmesh4",
    "num-endpoints": 6,
    "num-failures": 1,
    "num-identities": 5,
    "num-nodes": 1,
    "ready": true,
    "status": "etcd: 1/1 connected, leases=0, lock leases=1, has-quorum=true: endpoint status checks are disabled, ID: 407548bcd4909ca7",
    "synced": {
      "endpoints": true,
      "identities": true,
      "nodes": true,
      "services": true
    }
  },
  {
    "config": {
      "cluster-id": 40,
      "required": true,
      "retrieved": true,
      "sync-canaries": true
    },
    "connected": true,
    "last-failure": "2024-10-24T12:42:17.538Z",
    "name": "cmesh40",
    "num-endpoints": 6,
    "num-failures": 1,
    "num-identities": 5,
    "num-nodes": 1,
    "ready": true,
    "status": "etcd: 1/1 connected, leases=0, lock leases=1, has-quorum=true: endpoint status checks are disabled, ID: d2c4a3dc31964572",
    "synced": {
      "endpoints": true,
      "identities": true,
      "nodes": true,
      "services": true
    }
  },
  {
    "config": {
      "cluster-id": 41,
      "required": true,
      "retrieved": true,
      "sync-canaries": true
    },
    "connected": true,
    "last-failure": "2024-10-24T12:42:57.653Z",
    "name": "cmesh41",
    "num-endpoints": 6,
    "num-failures": 1,
    "num-identities": 5,
    "num-nodes": 1,
    "ready": true,
    "status": "etcd: 1/1 connected, leases=0, lock leases=1, has-quorum=true: endpoint status checks are disabled, ID: b17e287cd736df88",
    "synced": {
      "endpoints": true,
      "identities": true,
      "nodes": true,
      "services": true
    }
  },
  {
    "config": {
      "cluster-id": 42,
      "required": true,
      "retrieved": true,
      "sync-canaries": true
    },
    "connected": true,
    "last-failure": "2024-10-24T12:42:10.247Z",
    "name": "cmesh42",
    "num-endpoints": 6,
    "num-failures": 1,
    "num-identities": 5,
    "num-nodes": 1,
    "ready": true,
    "status": "etcd: 1/1 connected, leases=0, lock leases=1, has-quorum=true: endpoint status checks are disabled, ID: 1509ea135d18be7",
    "synced": {
      "endpoints": true,
      "identities": true,
      "nodes": true,
      "services": true
    }
  },
  {
    "config": {
      "cluster-id": 43,
      "required": true,
      "retrieved": true,
      "sync-canaries": true
    },
    "connected": true,
    "last-failure": "2024-10-24T12:42:37.305Z",
    "name": "cmesh43",
    "num-endpoints": 6,
    "num-failures": 1,
    "num-identities": 5,
    "num-nodes": 1,
    "ready": true,
    "status": "etcd: 1/1 connected, leases=0, lock leases=1, has-quorum=true: endpoint status checks are disabled, ID: a18687f06666bf85",
    "synced": {
      "endpoints": true,
      "identities": true,
      "nodes": true,
      "services": true
    }
  },
  {
    "config": {
      "cluster-id": 44,
      "required": true,
      "retrieved": true,
      "sync-canaries": true
    },
    "connected": true,
    "last-failure": "2024-10-24T12:41:38.786Z",
    "name": "cmesh44",
    "num-endpoints": 6,
    "num-failures": 1,
    "num-identities": 5,
    "num-nodes": 1,
    "ready": true,
    "status": "etcd: 1/1 connected, leases=0, lock leases=1, has-quorum=true: endpoint status checks are disabled, ID: 962b12f95af53dd",
    "synced": {
      "endpoints": true,
      "identities": true,
      "nodes": true,
      "services": true
    }
  },
  {
    "config": {
      "cluster-id": 46,
      "required": true,
      "retrieved": true,
      "sync-canaries": true
    },
    "connected": true,
    "last-failure": "2024-10-24T12:42:42.996Z",
    "name": "cmesh46",
    "num-endpoints": 6,
    "num-failures": 1,
    "num-identities": 5,
    "num-nodes": 1,
    "ready": true,
    "status": "etcd: 1/1 connected, leases=0, lock leases=1, has-quorum=true: endpoint status checks are disabled, ID: 302075cf366e71b1",
    "synced": {
      "endpoints": true,
      "identities": true,
      "nodes": true,
      "services": true
    }
  },
  {
    "config": {
      "cluster-id": 47,
      "required": true,
      "retrieved": true,
      "sync-canaries": true
    },
    "connected": true,
    "last-failure": "2024-10-24T12:41:17.663Z",
    "name": "cmesh47",
    "num-endpoints": 6,
    "num-failures": 1,
    "num-identities": 5,
    "num-nodes": 1,
    "ready": true,
    "status": "etcd: 1/1 connected, leases=0, lock leases=1, has-quorum=true: endpoint status checks are disabled, ID: 914a316b3b390663",
    "synced": {
      "endpoints": true,
      "identities": true,
      "nodes": true,
      "services": true
    }
  },
  {
    "config": {
      "cluster-id": 48,
      "required": true,
      "retrieved": true,
      "sync-canaries": true
    },
    "connected": true,
    "last-failure": "2024-10-24T12:41:16.926Z",
    "name": "cmesh48",
    "num-endpoints": 6,
    "num-failures": 1,
    "num-identities": 5,
    "num-nodes": 1,
    "ready": true,
    "status": "etcd: 1/1 connected, leases=0, lock leases=1, has-quorum=true: endpoint status checks are disabled, ID: 286f90af0985e68e",
    "synced": {
      "endpoints": true,
      "identities": true,
      "nodes": true,
      "services": true
    }
  },
  {
    "config": {
      "cluster-id": 49,
      "required": true,
      "retrieved": true,
      "sync-canaries": true
    },
    "connected": true,
    "last-failure": "2024-10-24T12:41:16.079Z",
    "name": "cmesh49",
    "num-endpoints": 6,
    "num-failures": 1,
    "num-identities": 5,
    "num-nodes": 1,
    "ready": true,
    "status": "etcd: 1/1 connected, leases=0, lock leases=1, has-quorum=true: endpoint status checks are disabled, ID: d708853e5a0d6c03",
    "synced": {
      "endpoints": true,
      "identities": true,
      "nodes": true,
      "services": true
    }
  },
  {
    "config": {
      "cluster-id": 5,
      "required": true,
      "retrieved": true,
      "sync-canaries": true
    },
    "connected": true,
    "last-failure": "2024-10-24T12:41:31.598Z",
    "name": "cmesh5",
    "num-endpoints": 6,
    "num-failures": 1,
    "num-identities": 5,
    "num-nodes": 1,
    "ready": true,
    "status": "etcd: 1/1 connected, leases=0, lock leases=1, has-quorum=true: endpoint status checks are disabled, ID: 58ba8f75ca6fe2f",
    "synced": {
      "endpoints": true,
      "identities": true,
      "nodes": true,
      "services": true
    }
  },
  {
    "config": {
      "cluster-id": 50,
      "required": true,
      "retrieved": true,
      "sync-canaries": true
    },
    "connected": true,
    "last-failure": "2024-10-24T12:42:06.733Z",
    "name": "cmesh50",
    "num-endpoints": 6,
    "num-failures": 1,
    "num-identities": 5,
    "num-nodes": 1,
    "ready": true,
    "status": "etcd: 1/1 connected, leases=0, lock leases=1, has-quorum=true: endpoint status checks are disabled, ID: 88b9e9a634f18ccf",
    "synced": {
      "endpoints": true,
      "identities": true,
      "nodes": true,
      "services": true
    }
  },
  {
    "config": {
      "cluster-id": 51,
      "required": true,
      "retrieved": true,
      "sync-canaries": true
    },
    "connected": true,
    "last-failure": "2024-10-24T12:43:04.908Z",
    "name": "cmesh51",
    "num-endpoints": 6,
    "num-failures": 1,
    "num-identities": 5,
    "num-nodes": 1,
    "ready": true,
    "status": "etcd: 1/1 connected, leases=0, lock leases=1, has-quorum=true: endpoint status checks are disabled, ID: 288a680a85487e97",
    "synced": {
      "endpoints": true,
      "identities": true,
      "nodes": true,
      "services": true
    }
  },
  {
    "config": {
      "cluster-id": 52,
      "required": true,
      "retrieved": true,
      "sync-canaries": true
    },
    "connected": true,
    "last-failure": "2024-10-24T12:41:35.885Z",
    "name": "cmesh52",
    "num-endpoints": 6,
    "num-failures": 1,
    "num-identities": 5,
    "num-nodes": 1,
    "ready": true,
    "status": "etcd: 1/1 connected, leases=0, lock leases=1, has-quorum=true: endpoint status checks are disabled, ID: 55fef6b75f5145f3",
    "synced": {
      "endpoints": true,
      "identities": true,
      "nodes": true,
      "services": true
    }
  },
  {
    "config": {
      "cluster-id": 53,
      "required": true,
      "retrieved": true,
      "sync-canaries": true
    },
    "connected": true,
    "last-failure": "2024-10-24T12:42:30.877Z",
    "name": "cmesh53",
    "num-endpoints": 6,
    "num-failures": 1,
    "num-identities": 5,
    "num-nodes": 1,
    "ready": true,
    "status": "etcd: 1/1 connected, leases=0, lock leases=1, has-quorum=true: endpoint status checks are disabled, ID: 92fbe4675691c83b",
    "synced": {
      "endpoints": true,
      "identities": true,
      "nodes": true,
      "services": true
    }
  },
  {
    "config": {
      "cluster-id": 54,
      "required": true,
      "retrieved": true,
      "sync-canaries": true
    },
    "connected": true,
    "last-failure": "2024-10-24T12:41:16.011Z",
    "name": "cmesh54",
    "num-endpoints": 6,
    "num-failures": 1,
    "num-identities": 5,
    "num-nodes": 1,
    "ready": true,
    "status": "etcd: 1/1 connected, leases=0, lock leases=1, has-quorum=true: endpoint status checks are disabled, ID: 31127168bfbaac62",
    "synced": {
      "endpoints": true,
      "identities": true,
      "nodes": true,
      "services": true
    }
  },
  {
    "config": {
      "cluster-id": 55,
      "required": true,
      "retrieved": true,
      "sync-canaries": true
    },
    "connected": true,
    "last-failure": "2024-10-24T12:41:54.490Z",
    "name": "cmesh55",
    "num-endpoints": 6,
    "num-failures": 1,
    "num-identities": 5,
    "num-nodes": 1,
    "ready": true,
    "status": "etcd: 1/1 connected, leases=0, lock leases=1, has-quorum=true: endpoint status checks are disabled, ID: 23289d46b78e6307",
    "synced": {
      "endpoints": true,
      "identities": true,
      "nodes": true,
      "services": true
    }
  },
  {
    "config": {
      "cluster-id": 56,
      "required": true,
      "retrieved": true,
      "sync-canaries": true
    },
    "connected": true,
    "last-failure": "2024-10-24T12:41:01.495Z",
    "name": "cmesh56",
    "num-endpoints": 6,
    "num-failures": 1,
    "num-identities": 5,
    "num-nodes": 1,
    "ready": true,
    "status": "etcd: 1/1 connected, leases=0, lock leases=1, has-quorum=true: endpoint status checks are disabled, ID: 20f59ec04ce18d9f",
    "synced": {
      "endpoints": true,
      "identities": true,
      "nodes": true,
      "services": true
    }
  },
  {
    "config": {
      "cluster-id": 57,
      "required": true,
      "retrieved": true,
      "sync-canaries": true
    },
    "connected": true,
    "last-failure": "2024-10-24T12:42:44.778Z",
    "name": "cmesh57",
    "num-endpoints": 6,
    "num-failures": 1,
    "num-identities": 5,
    "num-nodes": 1,
    "ready": true,
    "status": "etcd: 1/1 connected, leases=0, lock leases=1, has-quorum=true: endpoint status checks are disabled, ID: ee4f53b5ff84c9e4",
    "synced": {
      "endpoints": true,
      "identities": true,
      "nodes": true,
      "services": true
    }
  },
  {
    "config": {
      "cluster-id": 58,
      "required": true,
      "retrieved": true,
      "sync-canaries": true
    },
    "connected": true,
    "last-failure": "2024-10-24T12:41:37.098Z",
    "name": "cmesh58",
    "num-endpoints": 6,
    "num-failures": 1,
    "num-identities": 5,
    "num-nodes": 1,
    "ready": true,
    "status": "etcd: 1/1 connected, leases=0, lock leases=1, has-quorum=true: endpoint status checks are disabled, ID: 64654780a137e87a",
    "synced": {
      "endpoints": true,
      "identities": true,
      "nodes": true,
      "services": true
    }
  },
  {
    "config": {
      "cluster-id": 59,
      "required": true,
      "retrieved": true,
      "sync-canaries": true
    },
    "connected": true,
    "last-failure": "2024-10-24T12:42:22.934Z",
    "name": "cmesh59",
    "num-endpoints": 6,
    "num-failures": 1,
    "num-identities": 5,
    "num-nodes": 1,
    "ready": true,
    "status": "etcd: 1/1 connected, leases=0, lock leases=1, has-quorum=true: endpoint status checks are disabled, ID: 57b2e51f0bb37b2c",
    "synced": {
      "endpoints": true,
      "identities": true,
      "nodes": true,
      "services": true
    }
  },
  {
    "config": {
      "cluster-id": 6,
      "required": true,
      "retrieved": true,
      "sync-canaries": true
    },
    "connected": true,
    "last-failure": "2024-10-24T12:42:42.475Z",
    "name": "cmesh6",
    "num-endpoints": 6,
    "num-failures": 1,
    "num-identities": 5,
    "num-nodes": 1,
    "ready": true,
    "status": "etcd: 1/1 connected, leases=0, lock leases=1, has-quorum=true: endpoint status checks are disabled, ID: 300181a9bae96b5",
    "synced": {
      "endpoints": true,
      "identities": true,
      "nodes": true,
      "services": true
    }
  },
  {
    "config": {
      "cluster-id": 60,
      "required": true,
      "retrieved": true,
      "sync-canaries": true
    },
    "connected": true,
    "last-failure": "2024-10-24T12:43:06.465Z",
    "name": "cmesh60",
    "num-endpoints": 6,
    "num-failures": 1,
    "num-identities": 5,
    "num-nodes": 1,
    "ready": true,
    "status": "etcd: 1/1 connected, leases=0, lock leases=1, has-quorum=true: endpoint status checks are disabled, ID: 68f15bbf76d65cb1",
    "synced": {
      "endpoints": true,
      "identities": true,
      "nodes": true,
      "services": true
    }
  },
  {
    "config": {
      "cluster-id": 61,
      "required": true,
      "retrieved": true,
      "sync-canaries": true
    },
    "connected": true,
    "last-failure": "2024-10-24T12:41:39.519Z",
    "name": "cmesh61",
    "num-endpoints": 6,
    "num-failures": 1,
    "num-identities": 5,
    "num-nodes": 1,
    "ready": true,
    "status": "etcd: 1/1 connected, leases=0, lock leases=1, has-quorum=true: endpoint status checks are disabled, ID: 9fae9b07ab514927",
    "synced": {
      "endpoints": true,
      "identities": true,
      "nodes": true,
      "services": true
    }
  },
  {
    "config": {
      "cluster-id": 62,
      "required": true,
      "retrieved": true,
      "sync-canaries": true
    },
    "connected": true,
    "last-failure": "2024-10-24T12:41:51.468Z",
    "name": "cmesh62",
    "num-endpoints": 6,
    "num-failures": 1,
    "num-identities": 5,
    "num-nodes": 1,
    "ready": true,
    "status": "etcd: 1/1 connected, leases=0, lock leases=1, has-quorum=true: endpoint status checks are disabled, ID: e47ffb0670b99d05",
    "synced": {
      "endpoints": true,
      "identities": true,
      "nodes": true,
      "services": true
    }
  },
  {
    "config": {
      "cluster-id": 63,
      "required": true,
      "retrieved": true,
      "sync-canaries": true
    },
    "connected": true,
    "last-failure": "2024-10-24T12:41:02.343Z",
    "name": "cmesh63",
    "num-endpoints": 6,
    "num-failures": 1,
    "num-identities": 5,
    "num-nodes": 1,
    "ready": true,
    "status": "etcd: 1/1 connected, leases=0, lock leases=1, has-quorum=true: endpoint status checks are disabled, ID: 32f9d9594b55ac9c",
    "synced": {
      "endpoints": true,
      "identities": true,
      "nodes": true,
      "services": true
    }
  },
  {
    "config": {
      "cluster-id": 64,
      "required": true,
      "retrieved": true,
      "sync-canaries": true
    },
    "connected": true,
    "last-failure": "2024-10-24T12:41:53.835Z",
    "name": "cmesh64",
    "num-endpoints": 6,
    "num-failures": 1,
    "num-identities": 5,
    "num-nodes": 1,
    "ready": true,
    "status": "etcd: 1/1 connected, leases=0, lock leases=1, has-quorum=true: endpoint status checks are disabled, ID: 1b63dff5aa267c27",
    "synced": {
      "endpoints": true,
      "identities": true,
      "nodes": true,
      "services": true
    }
  },
  {
    "config": {
      "cluster-id": 65,
      "required": true,
      "retrieved": true,
      "sync-canaries": true
    },
    "connected": true,
    "last-failure": "2024-10-24T12:42:18.427Z",
    "name": "cmesh65",
    "num-endpoints": 6,
    "num-failures": 1,
    "num-identities": 5,
    "num-nodes": 1,
    "ready": true,
    "status": "etcd: 1/1 connected, leases=0, lock leases=1, has-quorum=true: endpoint status checks are disabled, ID: c03a5f8e9612e8a3",
    "synced": {
      "endpoints": true,
      "identities": true,
      "nodes": true,
      "services": true
    }
  },
  {
    "config": {
      "cluster-id": 66,
      "required": true,
      "retrieved": true,
      "sync-canaries": true
    },
    "connected": true,
    "last-failure": "2024-10-24T12:42:36.271Z",
    "name": "cmesh66",
    "num-endpoints": 6,
    "num-failures": 1,
    "num-identities": 5,
    "num-nodes": 1,
    "ready": true,
    "status": "etcd: 1/1 connected, leases=0, lock leases=1, has-quorum=true: endpoint status checks are disabled, ID: a1d7beb3fadc800b",
    "synced": {
      "endpoints": true,
      "identities": true,
      "nodes": true,
      "services": true
    }
  },
  {
    "config": {
      "cluster-id": 67,
      "required": true,
      "retrieved": true,
      "sync-canaries": true
    },
    "connected": true,
    "last-failure": "2024-10-24T12:42:34.881Z",
    "name": "cmesh67",
    "num-endpoints": 6,
    "num-failures": 1,
    "num-identities": 5,
    "num-nodes": 1,
    "ready": true,
    "status": "etcd: 1/1 connected, leases=0, lock leases=1, has-quorum=true: endpoint status checks are disabled, ID: 83f72b77cbc6900f",
    "synced": {
      "endpoints": true,
      "identities": true,
      "nodes": true,
      "services": true
    }
  },
  {
    "config": {
      "cluster-id": 68,
      "required": true,
      "retrieved": true,
      "sync-canaries": true
    },
    "connected": true,
    "last-failure": "2024-10-24T12:41:39.197Z",
    "name": "cmesh68",
    "num-endpoints": 6,
    "num-failures": 1,
    "num-identities": 5,
    "num-nodes": 1,
    "ready": true,
    "status": "etcd: 1/1 connected, leases=0, lock leases=1, has-quorum=true: endpoint status checks are disabled, ID: 57b3e16f19b3e57c",
    "synced": {
      "endpoints": true,
      "identities": true,
      "nodes": true,
      "services": true
    }
  },
  {
    "config": {
      "cluster-id": 69,
      "required": true,
      "retrieved": true,
      "sync-canaries": true
    },
    "connected": true,
    "last-failure": "2024-10-24T12:42:27.018Z",
    "name": "cmesh69",
    "num-endpoints": 6,
    "num-failures": 1,
    "num-identities": 5,
    "num-nodes": 1,
    "ready": true,
    "status": "etcd: 1/1 connected, leases=0, lock leases=1, has-quorum=true: endpoint status checks are disabled, ID: b19ded4dd5cc98cf",
    "synced": {
      "endpoints": true,
      "identities": true,
      "nodes": true,
      "services": true
    }
  },
  {
    "config": {
      "cluster-id": 7,
      "required": true,
      "retrieved": true,
      "sync-canaries": true
    },
    "connected": true,
    "last-failure": "2024-10-24T12:41:34.334Z",
    "name": "cmesh7",
    "num-endpoints": 6,
    "num-failures": 1,
    "num-identities": 5,
    "num-nodes": 1,
    "ready": true,
    "status": "etcd: 1/1 connected, leases=0, lock leases=1, has-quorum=true: endpoint status checks are disabled, ID: efc1b5a376334cd",
    "synced": {
      "endpoints": true,
      "identities": true,
      "nodes": true,
      "services": true
    }
  },
  {
    "config": {
      "cluster-id": 70,
      "required": true,
      "retrieved": true,
      "sync-canaries": true
    },
    "connected": true,
    "last-failure": "2024-10-24T12:41:16.877Z",
    "name": "cmesh70",
    "num-endpoints": 6,
    "num-failures": 1,
    "num-identities": 5,
    "num-nodes": 1,
    "ready": true,
    "status": "etcd: 1/1 connected, leases=0, lock leases=1, has-quorum=true: endpoint status checks are disabled, ID: 5f011f9eee9b8907",
    "synced": {
      "endpoints": true,
      "identities": true,
      "nodes": true,
      "services": true
    }
  },
  {
    "config": {
      "cluster-id": 71,
      "required": true,
      "retrieved": true,
      "sync-canaries": true
    },
    "connected": true,
    "last-failure": "2024-10-24T12:41:33.019Z",
    "name": "cmesh71",
    "num-endpoints": 6,
    "num-failures": 1,
    "num-identities": 5,
    "num-nodes": 1,
    "ready": true,
    "status": "etcd: 1/1 connected, leases=0, lock leases=1, has-quorum=true: endpoint status checks are disabled, ID: a5ed7af83557c5f7",
    "synced": {
      "endpoints": true,
      "identities": true,
      "nodes": true,
      "services": true
    }
  },
  {
    "config": {
      "cluster-id": 72,
      "required": true,
      "retrieved": true,
      "sync-canaries": true
    },
    "connected": true,
    "last-failure": "2024-10-24T12:41:59.881Z",
    "name": "cmesh72",
    "num-endpoints": 6,
    "num-failures": 1,
    "num-identities": 5,
    "num-nodes": 1,
    "ready": true,
    "status": "etcd: 1/1 connected, leases=0, lock leases=1, has-quorum=true: endpoint status checks are disabled, ID: 3adfd466b4c3c7a0",
    "synced": {
      "endpoints": true,
      "identities": true,
      "nodes": true,
      "services": true
    }
  },
  {
    "config": {
      "cluster-id": 73,
      "required": true,
      "retrieved": true,
      "sync-canaries": true
    },
    "connected": true,
    "last-failure": "2024-10-24T12:42:37.732Z",
    "name": "cmesh73",
    "num-endpoints": 6,
    "num-failures": 1,
    "num-identities": 5,
    "num-nodes": 1,
    "ready": true,
    "status": "etcd: 1/1 connected, leases=0, lock leases=1, has-quorum=true: endpoint status checks are disabled, ID: 276b0864a8e20171",
    "synced": {
      "endpoints": true,
      "identities": true,
      "nodes": true,
      "services": true
    }
  },
  {
    "config": {
      "cluster-id": 74,
      "required": true,
      "retrieved": true,
      "sync-canaries": true
    },
    "connected": true,
    "last-failure": "2024-10-24T12:41:40.093Z",
    "name": "cmesh74",
    "num-endpoints": 6,
    "num-failures": 1,
    "num-identities": 5,
    "num-nodes": 1,
    "ready": true,
    "status": "etcd: 1/1 connected, leases=0, lock leases=1, has-quorum=true: endpoint status checks are disabled, ID: d13fd6de4819ae12",
    "synced": {
      "endpoints": true,
      "identities": true,
      "nodes": true,
      "services": true
    }
  },
  {
    "config": {
      "cluster-id": 75,
      "required": true,
      "retrieved": true,
      "sync-canaries": true
    },
    "connected": true,
    "last-failure": "2024-10-24T12:42:05.790Z",
    "name": "cmesh75",
    "num-endpoints": 6,
    "num-failures": 1,
    "num-identities": 5,
    "num-nodes": 1,
    "ready": true,
    "status": "etcd: 1/1 connected, leases=0, lock leases=1, has-quorum=true: endpoint status checks are disabled, ID: 2d0831e60ce7bbcc",
    "synced": {
      "endpoints": true,
      "identities": true,
      "nodes": true,
      "services": true
    }
  },
  {
    "config": {
      "cluster-id": 76,
      "required": true,
      "retrieved": true,
      "sync-canaries": true
    },
    "connected": true,
    "last-failure": "2024-10-24T12:42:51.577Z",
    "name": "cmesh76",
    "num-endpoints": 6,
    "num-failures": 1,
    "num-identities": 5,
    "num-nodes": 1,
    "ready": true,
    "status": "etcd: 1/1 connected, leases=0, lock leases=1, has-quorum=true: endpoint status checks are disabled, ID: d6310ca01dc01ea3",
    "synced": {
      "endpoints": true,
      "identities": true,
      "nodes": true,
      "services": true
    }
  },
  {
    "config": {
      "cluster-id": 77,
      "required": true,
      "retrieved": true,
      "sync-canaries": true
    },
    "connected": true,
    "last-failure": "2024-10-24T12:42:41.602Z",
    "name": "cmesh77",
    "num-endpoints": 6,
    "num-failures": 1,
    "num-identities": 5,
    "num-nodes": 1,
    "ready": true,
    "status": "etcd: 1/1 connected, leases=0, lock leases=1, has-quorum=true: endpoint status checks are disabled, ID: 4ec3ffcba25a81b9",
    "synced": {
      "endpoints": true,
      "identities": true,
      "nodes": true,
      "services": true
    }
  },
  {
    "config": {
      "cluster-id": 78,
      "required": true,
      "retrieved": true,
      "sync-canaries": true
    },
    "connected": true,
    "last-failure": "2024-10-24T12:41:39.980Z",
    "name": "cmesh78",
    "num-endpoints": 6,
    "num-failures": 1,
    "num-identities": 5,
    "num-nodes": 1,
    "ready": true,
    "status": "etcd: 1/1 connected, leases=0, lock leases=1, has-quorum=true: endpoint status checks are disabled, ID: 785b2e9305cb2cfc",
    "synced": {
      "endpoints": true,
      "identities": true,
      "nodes": true,
      "services": true
    }
  },
  {
    "config": {
      "cluster-id": 79,
      "required": true,
      "retrieved": true,
      "sync-canaries": true
    },
    "connected": true,
    "last-failure": "2024-10-24T12:42:12.071Z",
    "name": "cmesh79",
    "num-endpoints": 6,
    "num-failures": 1,
    "num-identities": 5,
    "num-nodes": 1,
    "ready": true,
    "status": "etcd: 1/1 connected, leases=0, lock leases=1, has-quorum=true: endpoint status checks are disabled, ID: 4f64550347f3a4d6",
    "synced": {
      "endpoints": true,
      "identities": true,
      "nodes": true,
      "services": true
    }
  },
  {
    "config": {
      "cluster-id": 8,
      "required": true,
      "retrieved": true,
      "sync-canaries": true
    },
    "connected": true,
    "last-failure": "2024-10-24T12:41:04.013Z",
    "name": "cmesh8",
    "num-endpoints": 6,
    "num-failures": 1,
    "num-identities": 5,
    "num-nodes": 1,
    "ready": true,
    "status": "etcd: 1/1 connected, leases=0, lock leases=1, has-quorum=true: endpoint status checks are disabled, ID: 371aa21bb5fc3e07",
    "synced": {
      "endpoints": true,
      "identities": true,
      "nodes": true,
      "services": true
    }
  },
  {
    "config": {
      "cluster-id": 80,
      "required": true,
      "retrieved": true,
      "sync-canaries": true
    },
    "connected": true,
    "last-failure": "2024-10-24T12:41:22.151Z",
    "name": "cmesh80",
    "num-endpoints": 6,
    "num-failures": 1,
    "num-identities": 5,
    "num-nodes": 1,
    "ready": true,
    "status": "etcd: 1/1 connected, leases=0, lock leases=1, has-quorum=true: endpoint status checks are disabled, ID: 17e7321a40cf3b4",
    "synced": {
      "endpoints": true,
      "identities": true,
      "nodes": true,
      "services": true
    }
  },
  {
    "config": {
      "cluster-id": 81,
      "required": true,
      "retrieved": true,
      "sync-canaries": true
    },
    "connected": true,
    "last-failure": "2024-10-24T12:41:19.358Z",
    "name": "cmesh81",
    "num-endpoints": 6,
    "num-failures": 1,
    "num-identities": 5,
    "num-nodes": 1,
    "ready": true,
    "status": "etcd: 1/1 connected, leases=0, lock leases=1, has-quorum=true: endpoint status checks are disabled, ID: b02659106cdded24",
    "synced": {
      "endpoints": true,
      "identities": true,
      "nodes": true,
      "services": true
    }
  },
  {
    "config": {
      "cluster-id": 82,
      "required": true,
      "retrieved": true,
      "sync-canaries": true
    },
    "connected": true,
    "last-failure": "2024-10-24T12:42:25.915Z",
    "name": "cmesh82",
    "num-endpoints": 6,
    "num-failures": 1,
    "num-identities": 5,
    "num-nodes": 1,
    "ready": true,
    "status": "etcd: 1/1 connected, leases=0, lock leases=1, has-quorum=true: endpoint status checks are disabled, ID: c76ae53894ce97ba",
    "synced": {
      "endpoints": true,
      "identities": true,
      "nodes": true,
      "services": true
    }
  },
  {
    "config": {
      "cluster-id": 83,
      "required": true,
      "retrieved": true,
      "sync-canaries": true
    },
    "connected": true,
    "last-failure": "2024-10-24T12:41:02.249Z",
    "name": "cmesh83",
    "num-endpoints": 6,
    "num-failures": 1,
    "num-identities": 5,
    "num-nodes": 1,
    "ready": true,
    "status": "etcd: 1/1 connected, leases=0, lock leases=1, has-quorum=true: endpoint status checks are disabled, ID: a0e95e264512e2cd",
    "synced": {
      "endpoints": true,
      "identities": true,
      "nodes": true,
      "services": true
    }
  },
  {
    "config": {
      "cluster-id": 84,
      "required": true,
      "retrieved": true,
      "sync-canaries": true
    },
    "connected": true,
    "last-failure": "2024-10-24T12:41:52.530Z",
    "name": "cmesh84",
    "num-endpoints": 6,
    "num-failures": 1,
    "num-identities": 5,
    "num-nodes": 1,
    "ready": true,
    "status": "etcd: 1/1 connected, leases=0, lock leases=1, has-quorum=true: endpoint status checks are disabled, ID: a6265755920cdb25",
    "synced": {
      "endpoints": true,
      "identities": true,
      "nodes": true,
      "services": true
    }
  },
  {
    "config": {
      "cluster-id": 85,
      "required": true,
      "retrieved": true,
      "sync-canaries": true
    },
    "connected": true,
    "last-failure": "2024-10-24T12:41:46.294Z",
    "name": "cmesh85",
    "num-endpoints": 6,
    "num-failures": 1,
    "num-identities": 5,
    "num-nodes": 1,
    "ready": true,
    "status": "etcd: 1/1 connected, leases=0, lock leases=1, has-quorum=true: endpoint status checks are disabled, ID: 88a38472f26960d1",
    "synced": {
      "endpoints": true,
      "identities": true,
      "nodes": true,
      "services": true
    }
  },
  {
    "config": {
      "cluster-id": 86,
      "required": true,
      "retrieved": true,
      "sync-canaries": true
    },
    "connected": true,
    "last-failure": "2024-10-24T12:41:16.988Z",
    "name": "cmesh86",
    "num-endpoints": 6,
    "num-failures": 1,
    "num-identities": 5,
    "num-nodes": 1,
    "ready": true,
    "status": "etcd: 1/1 connected, leases=0, lock leases=1, has-quorum=true: endpoint status checks are disabled, ID: b634001b1dd00072",
    "synced": {
      "endpoints": true,
      "identities": true,
      "nodes": true,
      "services": true
    }
  },
  {
    "config": {
      "cluster-id": 87,
      "required": true,
      "retrieved": true,
      "sync-canaries": true
    },
    "connected": true,
    "last-failure": "2024-10-24T12:41:22.787Z",
    "name": "cmesh87",
    "num-endpoints": 6,
    "num-failures": 1,
    "num-identities": 5,
    "num-nodes": 1,
    "ready": true,
    "status": "etcd: 1/1 connected, leases=0, lock leases=1, has-quorum=true: endpoint status checks are disabled, ID: 7f1c02deac1ed3b4",
    "synced": {
      "endpoints": true,
      "identities": true,
      "nodes": true,
      "services": true
    }
  },
  {
    "config": {
      "cluster-id": 88,
      "required": true,
      "retrieved": true,
      "sync-canaries": true
    },
    "connected": true,
    "last-failure": "2024-10-24T12:41:05.569Z",
    "name": "cmesh88",
    "num-endpoints": 6,
    "num-failures": 1,
    "num-identities": 5,
    "num-nodes": 1,
    "ready": true,
    "status": "etcd: 1/1 connected, leases=0, lock leases=1, has-quorum=true: endpoint status checks are disabled, ID: 5bb9160ca9b43095",
    "synced": {
      "endpoints": true,
      "identities": true,
      "nodes": true,
      "services": true
    }
  },
  {
    "config": {
      "cluster-id": 89,
      "required": true,
      "retrieved": true,
      "sync-canaries": true
    },
    "connected": true,
    "last-failure": "2024-10-24T12:42:36.181Z",
    "name": "cmesh89",
    "num-endpoints": 6,
    "num-failures": 1,
    "num-identities": 5,
    "num-nodes": 1,
    "ready": true,
    "status": "etcd: 1/1 connected, leases=0, lock leases=1, has-quorum=true: endpoint status checks are disabled, ID: f91e4f07f3ff8283",
    "synced": {
      "endpoints": true,
      "identities": true,
      "nodes": true,
      "services": true
    }
  },
  {
    "config": {
      "cluster-id": 9,
      "required": true,
      "retrieved": true,
      "sync-canaries": true
    },
    "connected": true,
    "last-failure": "2024-10-24T12:42:52.091Z",
    "name": "cmesh9",
    "num-endpoints": 6,
    "num-failures": 1,
    "num-identities": 5,
    "num-nodes": 1,
    "ready": true,
    "status": "etcd: 1/1 connected, leases=0, lock leases=1, has-quorum=true: endpoint status checks are disabled, ID: 3fcd94137fa92bba",
    "synced": {
      "endpoints": true,
      "identities": true,
      "nodes": true,
      "services": true
    }
  },
  {
    "config": {
      "cluster-id": 90,
      "required": true,
      "retrieved": true,
      "sync-canaries": true
    },
    "connected": true,
    "last-failure": "2024-10-24T12:42:45.792Z",
    "name": "cmesh90",
    "num-endpoints": 6,
    "num-failures": 1,
    "num-identities": 5,
    "num-nodes": 1,
    "ready": true,
    "status": "etcd: 1/1 connected, leases=0, lock leases=1, has-quorum=true: endpoint status checks are disabled, ID: 2e9aa890bba46069",
    "synced": {
      "endpoints": true,
      "identities": true,
      "nodes": true,
      "services": true
    }
  },
  {
    "config": {
      "cluster-id": 91,
      "required": true,
      "retrieved": true,
      "sync-canaries": true
    },
    "connected": true,
    "last-failure": "2024-10-24T12:42:48.580Z",
    "name": "cmesh91",
    "num-endpoints": 6,
    "num-failures": 1,
    "num-identities": 5,
    "num-nodes": 1,
    "ready": true,
    "status": "etcd: 1/1 connected, leases=0, lock leases=1, has-quorum=true: endpoint status checks are disabled, ID: efd248695f40247b",
    "synced": {
      "endpoints": true,
      "identities": true,
      "nodes": true,
      "services": true
    }
  },
  {
    "config": {
      "cluster-id": 92,
      "required": true,
      "retrieved": true,
      "sync-canaries": true
    },
    "connected": true,
    "last-failure": "2024-10-24T12:42:07.365Z",
    "name": "cmesh92",
    "num-endpoints": 6,
    "num-failures": 1,
    "num-identities": 5,
    "num-nodes": 1,
    "ready": true,
    "status": "etcd: 1/1 connected, leases=0, lock leases=1, has-quorum=true: endpoint status checks are disabled, ID: b4b976a21f7ee5ce",
    "synced": {
      "endpoints": true,
      "identities": true,
      "nodes": true,
      "services": true
    }
  },
  {
    "config": {
      "cluster-id": 93,
      "required": true,
      "retrieved": true,
      "sync-canaries": true
    },
    "connected": true,
    "last-failure": "2024-10-24T12:41:46.360Z",
    "name": "cmesh93",
    "num-endpoints": 6,
    "num-failures": 1,
    "num-identities": 5,
    "num-nodes": 1,
    "ready": true,
    "status": "etcd: 1/1 connected, leases=0, lock leases=1, has-quorum=true: endpoint status checks are disabled, ID: 13dade1a01b7d619",
    "synced": {
      "endpoints": true,
      "identities": true,
      "nodes": true,
      "services": true
    }
  },
  {
    "config": {
      "cluster-id": 94,
      "required": true,
      "retrieved": true,
      "sync-canaries": true
    },
    "connected": true,
    "last-failure": "2024-10-24T12:42:02.372Z",
    "name": "cmesh94",
    "num-endpoints": 6,
    "num-failures": 1,
    "num-identities": 5,
    "num-nodes": 1,
    "ready": true,
    "status": "etcd: 1/1 connected, leases=0, lock leases=1, has-quorum=true: endpoint status checks are disabled, ID: a816db4b40e89f9c",
    "synced": {
      "endpoints": true,
      "identities": true,
      "nodes": true,
      "services": true
    }
  },
  {
    "config": {
      "cluster-id": 95,
      "required": true,
      "retrieved": true,
      "sync-canaries": true
    },
    "connected": true,
    "last-failure": "2024-10-24T12:42:11.629Z",
    "name": "cmesh95",
    "num-endpoints": 6,
    "num-failures": 1,
    "num-identities": 5,
    "num-nodes": 1,
    "ready": true,
    "status": "etcd: 1/1 connected, leases=0, lock leases=1, has-quorum=true: endpoint status checks are disabled, ID: da2be08594d239b5",
    "synced": {
      "endpoints": true,
      "identities": true,
      "nodes": true,
      "services": true
    }
  },
  {
    "config": {
      "cluster-id": 96,
      "required": true,
      "retrieved": true,
      "sync-canaries": true
    },
    "connected": true,
    "last-failure": "2024-10-24T12:41:51.442Z",
    "name": "cmesh96",
    "num-endpoints": 6,
    "num-failures": 1,
    "num-identities": 5,
    "num-nodes": 1,
    "ready": true,
    "status": "etcd: 1/1 connected, leases=0, lock leases=1, has-quorum=true: endpoint status checks are disabled, ID: 608422596e67782",
    "synced": {
      "endpoints": true,
      "identities": true,
      "nodes": true,
      "services": true
    }
  },
  {
    "config": {
      "cluster-id": 97,
      "required": true,
      "retrieved": true,
      "sync-canaries": true
    },
    "connected": true,
    "last-failure": "2024-10-24T12:42:19.227Z",
    "name": "cmesh97",
    "num-endpoints": 6,
    "num-failures": 1,
    "num-identities": 5,
    "num-nodes": 1,
    "ready": true,
    "status": "etcd: 1/1 connected, leases=0, lock leases=1, has-quorum=true: endpoint status checks are disabled, ID: c364c0f5ab055e8e",
    "synced": {
      "endpoints": true,
      "identities": true,
      "nodes": true,
      "services": true
    }
  },
  {
    "config": {
      "cluster-id": 98,
      "required": true,
      "retrieved": true,
      "sync-canaries": true
    },
    "connected": true,
    "last-failure": "2024-10-24T12:41:23.930Z",
    "name": "cmesh98",
    "num-endpoints": 6,
    "num-failures": 1,
    "num-identities": 5,
    "num-nodes": 1,
    "ready": true,
    "status": "etcd: 1/1 connected, leases=0, lock leases=1, has-quorum=true: endpoint status checks are disabled, ID: ab97dcb69c3e010a",
    "synced": {
      "endpoints": true,
      "identities": true,
      "nodes": true,
      "services": true
    }
  },
  {
    "config": {
      "cluster-id": 99,
      "required": true,
      "retrieved": true,
      "sync-canaries": true
    },
    "connected": true,
    "last-failure": "2024-10-24T12:43:05.665Z",
    "name": "cmesh99",
    "num-endpoints": 6,
    "num-failures": 1,
    "num-identities": 5,
    "num-nodes": 1,
    "ready": true,
    "status": "etcd: 1/1 connected, leases=0, lock leases=1, has-quorum=true: endpoint status checks are disabled, ID: 3c53d1fec83b6d8d",
    "synced": {
      "endpoints": true,
      "identities": true,
      "nodes": true,
      "services": true
    }
  }
]

