{"ID":1686,"ContainerName":"cilium-health","DockerNetworkID":"","DockerEndpointID":"","IfName":"lxc_health","IfIndex":10,"ContainerIfName":"","DisableLegacyIdentifiers":false,"OpLabels":{"Custom":{},"OrchestrationIdentity":{"health":{"key":"health","source":"reserved"}},"Disabled":{},"OrchestrationInfo":{}},"LXCMAC":"c6:cd:1d:a1:d2:ea","IPv6":"","IPv6IPAMPool":"","IPv4":"10.83.0.38","IPv4IPAMPool":"default","NodeMAC":"aa:6b:e1:7d:1a:b2","SecLabel":{"id":4,"labels":{"health":{"key":"health","source":"reserved"}}},"Options":{"map":{"ConntrackAccounting":0,"ConntrackLocal":0,"Debug":0,"DebugLB":0,"DebugPolicy":0,"DropNotification":1,"MonitorAggregationLevel":3,"PolicyAccounting":1,"PolicyAuditMode":0,"PolicyVerdictNotification":1,"SourceIPVerification":1,"TraceNotification":1}},"DNSRules":{},"DNSRulesV2":{},"DNSHistory":[],"DNSZombies":{},"K8sPodName":"","K8sNamespace":"","K8sUID":"","DatapathConfiguration":{},"CiliumEndpointUID":"","Properties":{},"NetnsCookie":0}