{"ID":2698,"ContainerName":"","dockerID":"456b644eb62991adee5873f4a97d364f871b2ea4fcdebf22e5dd31dc27802972","DockerNetworkID":"","DockerEndpointID":"","IfName":"lxc8a3c52a2ce45","IfIndex":12,"ContainerIfName":"eth0","DisableLegacyIdentifiers":false,"OpLabels":{"Custom":{},"OrchestrationIdentity":{"eks.amazonaws.com/component":{"key":"eks.amazonaws.com/component","value":"coredns","source":"k8s"},"io.cilium.k8s.namespace.labels.kubernetes.io/metadata.name":{"key":"io.cilium.k8s.namespace.labels.kubernetes.io/metadata.name","value":"kube-system","source":"k8s"},"io.cilium.k8s.policy.cluster":{"key":"io.cilium.k8s.policy.cluster","value":"cmesh4","source":"k8s"},"io.cilium.k8s.policy.serviceaccount":{"key":"io.cilium.k8s.policy.serviceaccount","value":"coredns","source":"k8s"},"io.kubernetes.pod.namespace":{"key":"io.kubernetes.pod.namespace","value":"kube-system","source":"k8s"},"k8s-app":{"key":"k8s-app","value":"kube-dns","source":"k8s"}},"Disabled":{},"OrchestrationInfo":{"pod-template-hash":{"key":"pod-template-hash","value":"cc6ccd49c","source":"k8s"}}},"LXCMAC":"0a:a7:5a:fc:df:de","IPv6":"","IPv6IPAMPool":"","IPv4":"10.3.0.79","IPv4IPAMPool":"default","NodeMAC":"7a:d7:a2:e9:65:d9","SecLabel":{"id":133233,"labels":{"eks.amazonaws.com/component":{"key":"eks.amazonaws.com/component","value":"coredns","source":"k8s"},"io.cilium.k8s.namespace.labels.kubernetes.io/metadata.name":{"key":"io.cilium.k8s.namespace.labels.kubernetes.io/metadata.name","value":"kube-system","source":"k8s"},"io.cilium.k8s.policy.cluster":{"key":"io.cilium.k8s.policy.cluster","value":"cmesh4","source":"k8s"},"io.cilium.k8s.policy.serviceaccount":{"key":"io.cilium.k8s.policy.serviceaccount","value":"coredns","source":"k8s"},"io.kubernetes.pod.namespace":{"key":"io.kubernetes.pod.namespace","value":"kube-system","source":"k8s"},"k8s-app":{"key":"k8s-app","value":"kube-dns","source":"k8s"}}},"Options":{"map":{"ConntrackAccounting":0,"ConntrackLocal":0,"Debug":0,"DebugLB":0,"DebugPolicy":0,"DropNotification":1,"MonitorAggregationLevel":3,"PolicyAccounting":1,"PolicyAuditMode":0,"PolicyVerdictNotification":1,"SourceIPVerification":1,"TraceNotification":1}},"DNSRules":{},"DNSRulesV2":{},"DNSHistory":[],"DNSZombies":{},"K8sPodName":"coredns-cc6ccd49c-gdhrd","K8sNamespace":"kube-system","K8sUID":"c719c502-70c5-40c0-a11c-737852648d58","DatapathConfiguration":{},"CiliumEndpointUID":"86790ff3-d64d-4085-a072-8692ac4798b6","Properties":{},"NetnsCookie":5}