{"ID":145,"ContainerName":"","dockerID":"493de61eef599b72bbd037eda1f534ce39563e01a10aea1abf76e9f8f3020a59","DockerNetworkID":"","DockerEndpointID":"","IfName":"lxca86088954805","IfIndex":24,"ContainerIfName":"eth0","DisableLegacyIdentifiers":false,"OpLabels":{"Custom":{},"OrchestrationIdentity":{"io.cilium.k8s.namespace.labels.app.kubernetes.io/name":{"key":"io.cilium.k8s.namespace.labels.app.kubernetes.io/name","value":"cilium-cli","source":"k8s"},"io.cilium.k8s.namespace.labels.kubernetes.io/metadata.name":{"key":"io.cilium.k8s.namespace.labels.kubernetes.io/metadata.name","value":"cilium-test-1","source":"k8s"},"io.cilium.k8s.policy.cluster":{"key":"io.cilium.k8s.policy.cluster","value":"cmesh110","source":"k8s"},"io.cilium.k8s.policy.serviceaccount":{"key":"io.cilium.k8s.policy.serviceaccount","value":"client2","source":"k8s"},"io.kubernetes.pod.namespace":{"key":"io.kubernetes.pod.namespace","value":"cilium-test-1","source":"k8s"},"kind":{"key":"kind","value":"client","source":"k8s"},"name":{"key":"name","value":"client2","source":"k8s"},"other":{"key":"other","value":"client","source":"k8s"}},"Disabled":{},"OrchestrationInfo":{"pod-template-hash":{"key":"pod-template-hash","value":"57cf4468f","source":"k8s"}}},"LXCMAC":"06:e9:b4:29:9e:6c","IPv6":"","IPv6IPAMPool":"","IPv4":"10.109.0.240","IPv4IPAMPool":"default","NodeMAC":"7a:93:06:b0:a0:2c","SecLabel":{"id":7259365,"labels":{"io.cilium.k8s.namespace.labels.app.kubernetes.io/name":{"key":"io.cilium.k8s.namespace.labels.app.kubernetes.io/name","value":"cilium-cli","source":"k8s"},"io.cilium.k8s.namespace.labels.kubernetes.io/metadata.name":{"key":"io.cilium.k8s.namespace.labels.kubernetes.io/metadata.name","value":"cilium-test-1","source":"k8s"},"io.cilium.k8s.policy.cluster":{"key":"io.cilium.k8s.policy.cluster","value":"cmesh110","source":"k8s"},"io.cilium.k8s.policy.serviceaccount":{"key":"io.cilium.k8s.policy.serviceaccount","value":"client2","source":"k8s"},"io.kubernetes.pod.namespace":{"key":"io.kubernetes.pod.namespace","value":"cilium-test-1","source":"k8s"},"kind":{"key":"kind","value":"client","source":"k8s"},"name":{"key":"name","value":"client2","source":"k8s"},"other":{"key":"other","value":"client","source":"k8s"}}},"Options":{"map":{"ConntrackAccounting":0,"ConntrackLocal":0,"Debug":0,"DebugLB":0,"DebugPolicy":0,"DropNotification":1,"MonitorAggregationLevel":3,"PolicyAccounting":1,"PolicyAuditMode":0,"PolicyVerdictNotification":1,"SourceIPVerification":1,"TraceNotification":1}},"DNSRules":{},"DNSRulesV2":{},"DNSHistory":[],"DNSZombies":{},"K8sPodName":"client2-57cf4468f-ptv58","K8sNamespace":"cilium-test-1","K8sUID":"e17276ac-9733-4268-bad7-6f896a3126aa","DatapathConfiguration":{},"CiliumEndpointUID":"ea393e8d-403e-41f2-9df4-b0d2d6e82ad5","Properties":{},"NetnsCookie":8}