{"ID":3186,"ContainerName":"","dockerID":"5623736f828392208526b57a6d1c5c5babbf8b2a7530616ce2809fcea5d691d9","DockerNetworkID":"","DockerEndpointID":"","IfName":"lxc4d019ce28594","IfIndex":24,"ContainerIfName":"eth0","DisableLegacyIdentifiers":false,"OpLabels":{"Custom":{},"OrchestrationIdentity":{"io.cilium.k8s.namespace.labels.app.kubernetes.io/name":{"key":"io.cilium.k8s.namespace.labels.app.kubernetes.io/name","value":"cilium-cli","source":"k8s"},"io.cilium.k8s.namespace.labels.kubernetes.io/metadata.name":{"key":"io.cilium.k8s.namespace.labels.kubernetes.io/metadata.name","value":"cilium-test-1","source":"k8s"},"io.cilium.k8s.policy.cluster":{"key":"io.cilium.k8s.policy.cluster","value":"cmesh93","source":"k8s"},"io.cilium.k8s.policy.serviceaccount":{"key":"io.cilium.k8s.policy.serviceaccount","value":"echo-same-node","source":"k8s"},"io.kubernetes.pod.namespace":{"key":"io.kubernetes.pod.namespace","value":"cilium-test-1","source":"k8s"},"kind":{"key":"kind","value":"echo","source":"k8s"},"name":{"key":"name","value":"echo-same-node","source":"k8s"},"other":{"key":"other","value":"echo","source":"k8s"}},"Disabled":{},"OrchestrationInfo":{"pod-template-hash":{"key":"pod-template-hash","value":"86d9cc975c","source":"k8s"}}},"LXCMAC":"7a:f0:6c:01:31:8f","IPv6":"","IPv6IPAMPool":"","IPv4":"10.92.0.114","IPv4IPAMPool":"default","NodeMAC":"06:b6:1f:ed:d8:62","SecLabel":{"id":6119752,"labels":{"io.cilium.k8s.namespace.labels.app.kubernetes.io/name":{"key":"io.cilium.k8s.namespace.labels.app.kubernetes.io/name","value":"cilium-cli","source":"k8s"},"io.cilium.k8s.namespace.labels.kubernetes.io/metadata.name":{"key":"io.cilium.k8s.namespace.labels.kubernetes.io/metadata.name","value":"cilium-test-1","source":"k8s"},"io.cilium.k8s.policy.cluster":{"key":"io.cilium.k8s.policy.cluster","value":"cmesh93","source":"k8s"},"io.cilium.k8s.policy.serviceaccount":{"key":"io.cilium.k8s.policy.serviceaccount","value":"echo-same-node","source":"k8s"},"io.kubernetes.pod.namespace":{"key":"io.kubernetes.pod.namespace","value":"cilium-test-1","source":"k8s"},"kind":{"key":"kind","value":"echo","source":"k8s"},"name":{"key":"name","value":"echo-same-node","source":"k8s"},"other":{"key":"other","value":"echo","source":"k8s"}}},"Options":{"map":{"ConntrackAccounting":0,"ConntrackLocal":0,"Debug":0,"DebugLB":0,"DebugPolicy":0,"DropNotification":1,"MonitorAggregationLevel":3,"PolicyAccounting":1,"PolicyAuditMode":0,"PolicyVerdictNotification":1,"SourceIPVerification":1,"TraceNotification":1}},"DNSRules":{},"DNSRulesV2":{},"DNSHistory":[],"DNSZombies":{},"K8sPodName":"echo-same-node-86d9cc975c-rlcml","K8sNamespace":"cilium-test-1","K8sUID":"74106bf6-8167-4f9b-833e-8a37b8f7cb41","DatapathConfiguration":{},"CiliumEndpointUID":"73463c83-ab0a-4eb1-a49a-98c6f0f3df2f","Properties":{},"NetnsCookie":10}