{"ID":2406,"ContainerName":"","dockerID":"4ea2c1a499198496cc8b3b3a9137face9126c8d0ff5079752bc550f1513ebc99","DockerNetworkID":"","DockerEndpointID":"","IfName":"lxc96b3580ddadc","IfIndex":24,"ContainerIfName":"eth0","DisableLegacyIdentifiers":false,"OpLabels":{"Custom":{},"OrchestrationIdentity":{"io.cilium.k8s.namespace.labels.app.kubernetes.io/name":{"key":"io.cilium.k8s.namespace.labels.app.kubernetes.io/name","value":"cilium-cli","source":"k8s"},"io.cilium.k8s.namespace.labels.kubernetes.io/metadata.name":{"key":"io.cilium.k8s.namespace.labels.kubernetes.io/metadata.name","value":"cilium-test-1","source":"k8s"},"io.cilium.k8s.policy.cluster":{"key":"io.cilium.k8s.policy.cluster","value":"cmesh70","source":"k8s"},"io.cilium.k8s.policy.serviceaccount":{"key":"io.cilium.k8s.policy.serviceaccount","value":"echo-same-node","source":"k8s"},"io.kubernetes.pod.namespace":{"key":"io.kubernetes.pod.namespace","value":"cilium-test-1","source":"k8s"},"kind":{"key":"kind","value":"echo","source":"k8s"},"name":{"key":"name","value":"echo-same-node","source":"k8s"},"other":{"key":"other","value":"echo","source":"k8s"}},"Disabled":{},"OrchestrationInfo":{"pod-template-hash":{"key":"pod-template-hash","value":"86d9cc975c","source":"k8s"}}},"LXCMAC":"42:7b:ed:6a:84:1a","IPv6":"","IPv6IPAMPool":"","IPv4":"10.69.0.180","IPv4IPAMPool":"default","NodeMAC":"c2:dd:aa:94:3a:8d","SecLabel":{"id":4628227,"labels":{"io.cilium.k8s.namespace.labels.app.kubernetes.io/name":{"key":"io.cilium.k8s.namespace.labels.app.kubernetes.io/name","value":"cilium-cli","source":"k8s"},"io.cilium.k8s.namespace.labels.kubernetes.io/metadata.name":{"key":"io.cilium.k8s.namespace.labels.kubernetes.io/metadata.name","value":"cilium-test-1","source":"k8s"},"io.cilium.k8s.policy.cluster":{"key":"io.cilium.k8s.policy.cluster","value":"cmesh70","source":"k8s"},"io.cilium.k8s.policy.serviceaccount":{"key":"io.cilium.k8s.policy.serviceaccount","value":"echo-same-node","source":"k8s"},"io.kubernetes.pod.namespace":{"key":"io.kubernetes.pod.namespace","value":"cilium-test-1","source":"k8s"},"kind":{"key":"kind","value":"echo","source":"k8s"},"name":{"key":"name","value":"echo-same-node","source":"k8s"},"other":{"key":"other","value":"echo","source":"k8s"}}},"Options":{"map":{"ConntrackAccounting":0,"ConntrackLocal":0,"Debug":0,"DebugLB":0,"DebugPolicy":0,"DropNotification":1,"MonitorAggregationLevel":3,"PolicyAccounting":1,"PolicyAuditMode":0,"PolicyVerdictNotification":1,"SourceIPVerification":1,"TraceNotification":1}},"DNSRules":{},"DNSRulesV2":{},"DNSHistory":[],"DNSZombies":{},"K8sPodName":"echo-same-node-86d9cc975c-npwvg","K8sNamespace":"cilium-test-1","K8sUID":"26ff51ec-e59a-4d9f-beba-338563767231","DatapathConfiguration":{},"CiliumEndpointUID":"6e20446b-e3d2-463a-ae64-83474644b944","Properties":{},"NetnsCookie":11}