{"ID":2800,"ContainerName":"","dockerID":"6a70ee3826968a031569cf64e48db6ef6e7fcd0f9ec80e513390031a8383c784","DockerNetworkID":"","DockerEndpointID":"","IfName":"lxc6e71a8fe72c6","IfIndex":18,"ContainerIfName":"eth0","DisableLegacyIdentifiers":false,"OpLabels":{"Custom":{},"OrchestrationIdentity":{"app.kubernetes.io/name":{"key":"app.kubernetes.io/name","value":"clustermesh-apiserver","source":"k8s"},"app.kubernetes.io/part-of":{"key":"app.kubernetes.io/part-of","value":"cilium","source":"k8s"},"io.cilium.k8s.namespace.labels.kubernetes.io/metadata.name":{"key":"io.cilium.k8s.namespace.labels.kubernetes.io/metadata.name","value":"kube-system","source":"k8s"},"io.cilium.k8s.policy.cluster":{"key":"io.cilium.k8s.policy.cluster","value":"cmesh183","source":"k8s"},"io.cilium.k8s.policy.serviceaccount":{"key":"io.cilium.k8s.policy.serviceaccount","value":"clustermesh-apiserver","source":"k8s"},"io.kubernetes.pod.namespace":{"key":"io.kubernetes.pod.namespace","value":"kube-system","source":"k8s"},"k8s-app":{"key":"k8s-app","value":"clustermesh-apiserver","source":"k8s"}},"Disabled":{},"OrchestrationInfo":{"pod-template-hash":{"key":"pod-template-hash","value":"56765cd49d","source":"k8s"}}},"LXCMAC":"1a:71:0f:3d:9e:0b","IPv6":"","IPv6IPAMPool":"","IPv4":"10.182.0.16","IPv4IPAMPool":"default","NodeMAC":"ee:cc:5b:ef:a5:61","SecLabel":{"id":6012649,"labels":{"app.kubernetes.io/name":{"key":"app.kubernetes.io/name","value":"clustermesh-apiserver","source":"k8s"},"app.kubernetes.io/part-of":{"key":"app.kubernetes.io/part-of","value":"cilium","source":"k8s"},"io.cilium.k8s.namespace.labels.kubernetes.io/metadata.name":{"key":"io.cilium.k8s.namespace.labels.kubernetes.io/metadata.name","value":"kube-system","source":"k8s"},"io.cilium.k8s.policy.cluster":{"key":"io.cilium.k8s.policy.cluster","value":"cmesh183","source":"k8s"},"io.cilium.k8s.policy.serviceaccount":{"key":"io.cilium.k8s.policy.serviceaccount","value":"clustermesh-apiserver","source":"k8s"},"io.kubernetes.pod.namespace":{"key":"io.kubernetes.pod.namespace","value":"kube-system","source":"k8s"},"k8s-app":{"key":"k8s-app","value":"clustermesh-apiserver","source":"k8s"}}},"Options":{"map":{"ConntrackAccounting":0,"ConntrackLocal":0,"Debug":0,"DebugLB":0,"DebugPolicy":0,"DropNotification":1,"MonitorAggregationLevel":3,"PolicyAccounting":1,"PolicyAuditMode":0,"PolicyVerdictNotification":1,"SourceIPVerification":1,"TraceNotification":1}},"DNSRules":{},"DNSRulesV2":{},"DNSHistory":[],"DNSZombies":{},"K8sPodName":"clustermesh-apiserver-56765cd49d-rrn9c","K8sNamespace":"kube-system","K8sUID":"993d15cb-c2cd-41f6-89c9-4fa8d2390cfd","DatapathConfiguration":{},"CiliumEndpointUID":"","Properties":{},"NetnsCookie":6}