{"ID":35,"ContainerName":"","dockerID":"4cbeea7c57434db341b3567132b56f48deab5d38457a3cf230c92da8d45925ee","DockerNetworkID":"","DockerEndpointID":"","IfName":"lxcf4f9c5614f92","IfIndex":24,"ContainerIfName":"eth0","DisableLegacyIdentifiers":false,"OpLabels":{"Custom":{},"OrchestrationIdentity":{"io.cilium.k8s.namespace.labels.app.kubernetes.io/name":{"key":"io.cilium.k8s.namespace.labels.app.kubernetes.io/name","value":"cilium-cli","source":"k8s"},"io.cilium.k8s.namespace.labels.kubernetes.io/metadata.name":{"key":"io.cilium.k8s.namespace.labels.kubernetes.io/metadata.name","value":"cilium-test-1","source":"k8s"},"io.cilium.k8s.policy.cluster":{"key":"io.cilium.k8s.policy.cluster","value":"cmesh65","source":"k8s"},"io.cilium.k8s.policy.serviceaccount":{"key":"io.cilium.k8s.policy.serviceaccount","value":"client2","source":"k8s"},"io.kubernetes.pod.namespace":{"key":"io.kubernetes.pod.namespace","value":"cilium-test-1","source":"k8s"},"kind":{"key":"kind","value":"client","source":"k8s"},"name":{"key":"name","value":"client2","source":"k8s"},"other":{"key":"other","value":"client","source":"k8s"}},"Disabled":{},"OrchestrationInfo":{"pod-template-hash":{"key":"pod-template-hash","value":"57cf4468f","source":"k8s"}}},"LXCMAC":"9a:7d:ef:06:b4:10","IPv6":"","IPv6IPAMPool":"","IPv4":"10.64.0.138","IPv4IPAMPool":"default","NodeMAC":"a2:39:db:0b:e7:82","SecLabel":{"id":4303089,"labels":{"io.cilium.k8s.namespace.labels.app.kubernetes.io/name":{"key":"io.cilium.k8s.namespace.labels.app.kubernetes.io/name","value":"cilium-cli","source":"k8s"},"io.cilium.k8s.namespace.labels.kubernetes.io/metadata.name":{"key":"io.cilium.k8s.namespace.labels.kubernetes.io/metadata.name","value":"cilium-test-1","source":"k8s"},"io.cilium.k8s.policy.cluster":{"key":"io.cilium.k8s.policy.cluster","value":"cmesh65","source":"k8s"},"io.cilium.k8s.policy.serviceaccount":{"key":"io.cilium.k8s.policy.serviceaccount","value":"client2","source":"k8s"},"io.kubernetes.pod.namespace":{"key":"io.kubernetes.pod.namespace","value":"cilium-test-1","source":"k8s"},"kind":{"key":"kind","value":"client","source":"k8s"},"name":{"key":"name","value":"client2","source":"k8s"},"other":{"key":"other","value":"client","source":"k8s"}}},"Options":{"map":{"ConntrackAccounting":0,"ConntrackLocal":0,"Debug":0,"DebugLB":0,"DebugPolicy":0,"DropNotification":1,"MonitorAggregationLevel":3,"PolicyAccounting":1,"PolicyAuditMode":0,"PolicyVerdictNotification":1,"SourceIPVerification":1,"TraceNotification":1}},"DNSRules":{},"DNSRulesV2":{},"DNSHistory":[],"DNSZombies":{},"K8sPodName":"client2-57cf4468f-mnxcq","K8sNamespace":"cilium-test-1","K8sUID":"0e06fea2-c27f-47b6-9631-396cd75f5f67","DatapathConfiguration":{},"CiliumEndpointUID":"e90a6cc6-02e6-4ad0-b23d-aceaa210e4f7","Properties":{},"NetnsCookie":10}