{"ID":1971,"ContainerName":"","dockerID":"d1903de83231997ae59b587c432d1c08af954b895d629d149a6092f49981e627","DockerNetworkID":"","DockerEndpointID":"","IfName":"lxcb29fc3d997cf","IfIndex":19,"ContainerIfName":"eth0","DisableLegacyIdentifiers":false,"OpLabels":{"Custom":{},"OrchestrationIdentity":{"io.cilium.k8s.namespace.labels.app.kubernetes.io/name":{"key":"io.cilium.k8s.namespace.labels.app.kubernetes.io/name","value":"cilium-cli","source":"k8s"},"io.cilium.k8s.namespace.labels.kubernetes.io/metadata.name":{"key":"io.cilium.k8s.namespace.labels.kubernetes.io/metadata.name","value":"cilium-test-1","source":"k8s"},"io.cilium.k8s.policy.cluster":{"key":"io.cilium.k8s.policy.cluster","value":"cmesh3","source":"k8s"},"io.cilium.k8s.policy.serviceaccount":{"key":"io.cilium.k8s.policy.serviceaccount","value":"client2","source":"k8s"},"io.kubernetes.pod.namespace":{"key":"io.kubernetes.pod.namespace","value":"cilium-test-1","source":"k8s"},"kind":{"key":"kind","value":"client","source":"k8s"},"name":{"key":"name","value":"client2","source":"k8s"},"other":{"key":"other","value":"client","source":"k8s"}},"Disabled":{},"OrchestrationInfo":{"pod-template-hash":{"key":"pod-template-hash","value":"57cf4468f","source":"k8s"}}},"LXCMAC":"52:2a:91:1b:2e:80","IPv6":"","IPv6IPAMPool":"","IPv4":"10.2.0.25","IPv4IPAMPool":"default","NodeMAC":"36:7e:22:05:e4:6f","SecLabel":{"id":221974,"labels":{"io.cilium.k8s.namespace.labels.app.kubernetes.io/name":{"key":"io.cilium.k8s.namespace.labels.app.kubernetes.io/name","value":"cilium-cli","source":"k8s"},"io.cilium.k8s.namespace.labels.kubernetes.io/metadata.name":{"key":"io.cilium.k8s.namespace.labels.kubernetes.io/metadata.name","value":"cilium-test-1","source":"k8s"},"io.cilium.k8s.policy.cluster":{"key":"io.cilium.k8s.policy.cluster","value":"cmesh3","source":"k8s"},"io.cilium.k8s.policy.serviceaccount":{"key":"io.cilium.k8s.policy.serviceaccount","value":"client2","source":"k8s"},"io.kubernetes.pod.namespace":{"key":"io.kubernetes.pod.namespace","value":"cilium-test-1","source":"k8s"},"kind":{"key":"kind","value":"client","source":"k8s"},"name":{"key":"name","value":"client2","source":"k8s"},"other":{"key":"other","value":"client","source":"k8s"}}},"Options":{"map":{"ConntrackAccounting":0,"ConntrackLocal":0,"Debug":0,"DebugLB":0,"DebugPolicy":0,"DropNotification":1,"MonitorAggregationLevel":3,"PolicyAccounting":1,"PolicyAuditMode":0,"PolicyVerdictNotification":1,"SourceIPVerification":1,"TraceNotification":1}},"DNSRules":{},"DNSRulesV2":{},"DNSHistory":[{"fqdn":"one.one.one.one.","lookup-time":"2024-10-24T09:24:41.523389379Z","expiration-time":"2024-10-24T09:24:54.523389379Z","ttl":13,"ips":["2606:4700:4700::1001","2606:4700:4700::1111"]},{"fqdn":"one.one.one.one.","lookup-time":"2024-10-24T09:24:41.523575499Z","expiration-time":"2024-10-24T09:24:54.523575499Z","ttl":13,"ips":["1.0.0.1","1.1.1.1"]},{"fqdn":"cilium.io.","lookup-time":"2024-10-24T09:24:45.693926389Z","expiration-time":"2024-10-24T09:25:13.693926389Z","ttl":28,"ips":["104.198.14.52"]}],"DNSZombies":{},"K8sPodName":"client2-57cf4468f-hbsf4","K8sNamespace":"cilium-test-1","K8sUID":"e1afa56b-1740-4726-8b58-bb957e481cdb","DatapathConfiguration":{},"CiliumEndpointUID":"ea2603c9-8a90-4f93-8e38-272981989684","Properties":{},"NetnsCookie":7}