{"ID":2382,"ContainerName":"","dockerID":"ce25031732f58a88e74f1df4c969ec541b50daad31f702ca0d66f67ef23eee2c","DockerNetworkID":"","DockerEndpointID":"","IfName":"lxc473a5228b708","IfIndex":22,"ContainerIfName":"eth0","DisableLegacyIdentifiers":false,"OpLabels":{"Custom":{},"OrchestrationIdentity":{"io.cilium.k8s.namespace.labels.app.kubernetes.io/name":{"key":"io.cilium.k8s.namespace.labels.app.kubernetes.io/name","value":"cilium-cli","source":"k8s"},"io.cilium.k8s.namespace.labels.kubernetes.io/metadata.name":{"key":"io.cilium.k8s.namespace.labels.kubernetes.io/metadata.name","value":"cilium-test-1","source":"k8s"},"io.cilium.k8s.policy.cluster":{"key":"io.cilium.k8s.policy.cluster","value":"cmesh114","source":"k8s"},"io.cilium.k8s.policy.serviceaccount":{"key":"io.cilium.k8s.policy.serviceaccount","value":"echo-same-node","source":"k8s"},"io.kubernetes.pod.namespace":{"key":"io.kubernetes.pod.namespace","value":"cilium-test-1","source":"k8s"},"kind":{"key":"kind","value":"echo","source":"k8s"},"name":{"key":"name","value":"echo-same-node","source":"k8s"},"other":{"key":"other","value":"echo","source":"k8s"}},"Disabled":{},"OrchestrationInfo":{"pod-template-hash":{"key":"pod-template-hash","value":"86d9cc975c","source":"k8s"}}},"LXCMAC":"3a:69:41:73:2c:1c","IPv6":"","IPv6IPAMPool":"","IPv4":"10.113.0.63","IPv4IPAMPool":"default","NodeMAC":"32:2c:89:c2:93:d1","SecLabel":{"id":7485495,"labels":{"io.cilium.k8s.namespace.labels.app.kubernetes.io/name":{"key":"io.cilium.k8s.namespace.labels.app.kubernetes.io/name","value":"cilium-cli","source":"k8s"},"io.cilium.k8s.namespace.labels.kubernetes.io/metadata.name":{"key":"io.cilium.k8s.namespace.labels.kubernetes.io/metadata.name","value":"cilium-test-1","source":"k8s"},"io.cilium.k8s.policy.cluster":{"key":"io.cilium.k8s.policy.cluster","value":"cmesh114","source":"k8s"},"io.cilium.k8s.policy.serviceaccount":{"key":"io.cilium.k8s.policy.serviceaccount","value":"echo-same-node","source":"k8s"},"io.kubernetes.pod.namespace":{"key":"io.kubernetes.pod.namespace","value":"cilium-test-1","source":"k8s"},"kind":{"key":"kind","value":"echo","source":"k8s"},"name":{"key":"name","value":"echo-same-node","source":"k8s"},"other":{"key":"other","value":"echo","source":"k8s"}}},"Options":{"map":{"ConntrackAccounting":0,"ConntrackLocal":0,"Debug":0,"DebugLB":0,"DebugPolicy":0,"DropNotification":1,"MonitorAggregationLevel":3,"PolicyAccounting":1,"PolicyAuditMode":0,"PolicyVerdictNotification":1,"SourceIPVerification":1,"TraceNotification":1}},"DNSRules":{},"DNSRulesV2":{},"DNSHistory":[],"DNSZombies":{},"K8sPodName":"echo-same-node-86d9cc975c-8qsk4","K8sNamespace":"cilium-test-1","K8sUID":"710d5431-2940-4cb0-a18b-ab030466ae88","DatapathConfiguration":{},"CiliumEndpointUID":"fd4faba2-b02e-46f3-9a73-d4fb1dff7010","Properties":{},"NetnsCookie":8}