{
	"configs": [
		{
			"@type": "type.googleapis.com/envoy.admin.v3.BootstrapConfigDump",
			"bootstrap": {
				"admin": {
					"address": {
						"pipe": {
							"path": "/var/run/cilium/envoy/sockets/admin.sock"
						}
					}
				},
				"bootstrap_extensions": [
					{
						"name": "envoy.bootstrap.internal_listener",
						"typed_config": {
							"@type": "type.googleapis.com/envoy.extensions.bootstrap.internal_listener.v3.InternalListener"
						}
					}
				],
				"dynamic_resources": {
					"cds_config": {
						"api_config_source": {
							"api_type": "GRPC",
							"grpc_services": [
								{
									"envoy_grpc": {
										"cluster_name": "xds-grpc-cilium"
									}
								}
							],
							"set_node_on_first_message_only": true,
							"transport_api_version": "V3"
						},
						"resource_api_version": "V3"
					},
					"lds_config": {
						"api_config_source": {
							"api_type": "GRPC",
							"grpc_services": [
								{
									"envoy_grpc": {
										"cluster_name": "xds-grpc-cilium"
									}
								}
							],
							"set_node_on_first_message_only": true,
							"transport_api_version": "V3"
						},
						"resource_api_version": "V3"
					}
				},
				"layered_runtime": {
					"layers": [
						{
							"name": "static_layer_0",
							"static_layer": {
								"overload": {
									"global_downstream_max_connections": 50000
								}
							}
						}
					]
				},
				"node": {
					"cluster": "ingress-cluster",
					"extensions": [
						{
							"category": "envoy.path.rewrite",
							"name": "envoy.path.rewrite.uri_template.uri_template_rewriter",
							"type_urls": [
								"envoy.extensions.path.rewrite.uri_template.v3.UriTemplateRewriteConfig"
							]
						},
						{
							"category": "envoy.transport_sockets.downstream",
							"name": "cilium.tls_wrapper",
							"type_urls": [
								"cilium.DownstreamTlsWrapperContext"
							]
						},
						{
							"category": "envoy.transport_sockets.downstream",
							"name": "envoy.transport_sockets.quic",
							"type_urls": [
								"envoy.extensions.transport_sockets.quic.v3.QuicDownstreamTransport"
							]
						},
						{
							"category": "envoy.transport_sockets.downstream",
							"name": "envoy.transport_sockets.raw_buffer",
							"type_urls": [
								"envoy.extensions.transport_sockets.raw_buffer.v3.RawBuffer"
							]
						},
						{
							"category": "envoy.transport_sockets.downstream",
							"name": "envoy.transport_sockets.tls",
							"type_urls": [
								"envoy.extensions.transport_sockets.tls.v3.DownstreamTlsContext"
							]
						},
						{
							"category": "envoy.transport_sockets.downstream",
							"name": "raw_buffer"
						},
						{
							"category": "envoy.transport_sockets.downstream",
							"name": "tls"
						},
						{
							"category": "envoy.upstreams",
							"name": "envoy.filters.connection_pools.tcp.generic",
							"type_urls": [
								"envoy.extensions.upstreams.tcp.generic.v3.GenericConnectionPoolProto"
							]
						},
						{
							"category": "envoy.upstream_options",
							"name": "envoy.extensions.upstreams.http.v3.HttpProtocolOptions",
							"type_urls": [
								"envoy.extensions.upstreams.http.v3.HttpProtocolOptions"
							]
						},
						{
							"category": "envoy.upstream_options",
							"name": "envoy.extensions.upstreams.tcp.v3.TcpProtocolOptions",
							"type_urls": [
								"envoy.extensions.upstreams.tcp.v3.TcpProtocolOptions"
							]
						},
						{
							"category": "envoy.upstream_options",
							"name": "envoy.upstreams.http.http_protocol_options"
						},
						{
							"category": "envoy.upstream_options",
							"name": "envoy.upstreams.tcp.tcp_protocol_options"
						},
						{
							"category": "envoy.http.header_validators",
							"name": "envoy.http.header_validators.envoy_default",
							"type_urls": [
								"envoy.extensions.http.header_validators.envoy_default.v3.HeaderValidatorConfig"
							]
						},
						{
							"category": "envoy.load_balancing_policies",
							"name": "envoy.load_balancing_policies.cluster_provided",
							"type_urls": [
								"envoy.extensions.load_balancing_policies.cluster_provided.v3.ClusterProvided"
							]
						},
						{
							"category": "envoy.load_balancing_policies",
							"name": "envoy.load_balancing_policies.least_request",
							"type_urls": [
								"envoy.extensions.load_balancing_policies.least_request.v3.LeastRequest"
							]
						},
						{
							"category": "envoy.load_balancing_policies",
							"name": "envoy.load_balancing_policies.maglev",
							"type_urls": [
								"envoy.extensions.load_balancing_policies.maglev.v3.Maglev"
							]
						},
						{
							"category": "envoy.load_balancing_policies",
							"name": "envoy.load_balancing_policies.random",
							"type_urls": [
								"envoy.extensions.load_balancing_policies.random.v3.Random"
							]
						},
						{
							"category": "envoy.load_balancing_policies",
							"name": "envoy.load_balancing_policies.ring_hash",
							"type_urls": [
								"envoy.extensions.load_balancing_policies.ring_hash.v3.RingHash"
							]
						},
						{
							"category": "envoy.load_balancing_policies",
							"name": "envoy.load_balancing_policies.round_robin",
							"type_urls": [
								"envoy.extensions.load_balancing_policies.round_robin.v3.RoundRobin"
							]
						},
						{
							"category": "envoy.load_balancing_policies",
							"name": "envoy.load_balancing_policies.subset",
							"type_urls": [
								"envoy.extensions.load_balancing_policies.subset.v3.Subset"
							]
						},
						{
							"category": "envoy.access_loggers",
							"name": "envoy.access_loggers.file",
							"type_urls": [
								"envoy.extensions.access_loggers.file.v3.FileAccessLog"
							]
						},
						{
							"category": "envoy.access_loggers",
							"name": "envoy.access_loggers.http_grpc",
							"type_urls": [
								"envoy.extensions.access_loggers.grpc.v3.HttpGrpcAccessLogConfig"
							]
						},
						{
							"category": "envoy.access_loggers",
							"name": "envoy.access_loggers.open_telemetry",
							"type_urls": [
								"envoy.extensions.access_loggers.open_telemetry.v3.OpenTelemetryAccessLogConfig"
							]
						},
						{
							"category": "envoy.access_loggers",
							"name": "envoy.access_loggers.stderr",
							"type_urls": [
								"envoy.extensions.access_loggers.stream.v3.StderrAccessLog"
							]
						},
						{
							"category": "envoy.access_loggers",
							"name": "envoy.access_loggers.stdout",
							"type_urls": [
								"envoy.extensions.access_loggers.stream.v3.StdoutAccessLog"
							]
						},
						{
							"category": "envoy.access_loggers",
							"name": "envoy.access_loggers.tcp_grpc",
							"type_urls": [
								"envoy.extensions.access_loggers.grpc.v3.TcpGrpcAccessLogConfig"
							]
						},
						{
							"category": "envoy.access_loggers",
							"name": "envoy.access_loggers.wasm",
							"type_urls": [
								"envoy.extensions.access_loggers.wasm.v3.WasmAccessLog"
							]
						},
						{
							"category": "envoy.access_loggers",
							"name": "envoy.file_access_log"
						},
						{
							"category": "envoy.access_loggers",
							"name": "envoy.http_grpc_access_log"
						},
						{
							"category": "envoy.access_loggers",
							"name": "envoy.open_telemetry_access_log"
						},
						{
							"category": "envoy.access_loggers",
							"name": "envoy.stderr_access_log"
						},
						{
							"category": "envoy.access_loggers",
							"name": "envoy.stdout_access_log"
						},
						{
							"category": "envoy.access_loggers",
							"name": "envoy.tcp_grpc_access_log"
						},
						{
							"category": "envoy.access_loggers",
							"name": "envoy.wasm_access_log"
						},
						{
							"category": "filter_state.object",
							"name": "envoy.network.application_protocols"
						},
						{
							"category": "filter_state.object",
							"name": "envoy.network.transport_socket.original_dst_address"
						},
						{
							"category": "filter_state.object",
							"name": "envoy.network.upstream_server_name"
						},
						{
							"category": "filter_state.object",
							"name": "envoy.network.upstream_subject_alt_names"
						},
						{
							"category": "filter_state.object",
							"name": "envoy.tcp_proxy.cluster"
						},
						{
							"category": "filter_state.object",
							"name": "envoy.tcp_proxy.disable_tunneling"
						},
						{
							"category": "filter_state.object",
							"name": "envoy.upstream.dynamic_host"
						},
						{
							"category": "filter_state.object",
							"name": "envoy.upstream.dynamic_port"
						},
						{
							"category": "envoy.clusters",
							"name": "envoy.cluster.eds"
						},
						{
							"category": "envoy.clusters",
							"name": "envoy.cluster.logical_dns"
						},
						{
							"category": "envoy.clusters",
							"name": "envoy.cluster.original_dst"
						},
						{
							"category": "envoy.clusters",
							"name": "envoy.cluster.static"
						},
						{
							"category": "envoy.clusters",
							"name": "envoy.cluster.strict_dns"
						},
						{
							"category": "envoy.clusters",
							"name": "envoy.clusters.dynamic_forward_proxy"
						},
						{
							"category": "envoy.filters.http",
							"name": "cilium.l7policy",
							"type_urls": [
								"cilium.L7Policy"
							]
						},
						{
							"category": "envoy.filters.http",
							"name": "envoy.ext_authz"
						},
						{
							"category": "envoy.filters.http",
							"name": "envoy.filters.http.dynamic_forward_proxy",
							"type_urls": [
								"envoy.extensions.filters.http.dynamic_forward_proxy.v3.FilterConfig",
								"envoy.extensions.filters.http.dynamic_forward_proxy.v3.PerRouteConfig"
							]
						},
						{
							"category": "envoy.filters.http",
							"name": "envoy.filters.http.ext_authz",
							"type_urls": [
								"envoy.extensions.filters.http.ext_authz.v3.ExtAuthz",
								"envoy.extensions.filters.http.ext_authz.v3.ExtAuthzPerRoute"
							]
						},
						{
							"category": "envoy.filters.http",
							"name": "envoy.filters.http.grpc_stats",
							"type_urls": [
								"envoy.extensions.filters.http.grpc_stats.v3.FilterConfig"
							]
						},
						{
							"category": "envoy.filters.http",
							"name": "envoy.filters.http.grpc_web",
							"type_urls": [
								"envoy.extensions.filters.http.grpc_web.v3.GrpcWeb"
							]
						},
						{
							"category": "envoy.filters.http",
							"name": "envoy.filters.http.health_check",
							"type_urls": [
								"envoy.extensions.filters.http.health_check.v3.HealthCheck"
							]
						},
						{
							"category": "envoy.filters.http",
							"name": "envoy.filters.http.jwt_authn",
							"type_urls": [
								"envoy.extensions.filters.http.jwt_authn.v3.JwtAuthentication",
								"envoy.extensions.filters.http.jwt_authn.v3.PerRouteConfig"
							]
						},
						{
							"category": "envoy.filters.http",
							"name": "envoy.filters.http.local_ratelimit",
							"type_urls": [
								"envoy.extensions.filters.http.local_ratelimit.v3.LocalRateLimit"
							]
						},
						{
							"category": "envoy.filters.http",
							"name": "envoy.filters.http.match_delegate",
							"type_urls": [
								"envoy.extensions.common.matching.v3.ExtensionWithMatcher",
								"envoy.extensions.common.matching.v3.ExtensionWithMatcherPerRoute"
							]
						},
						{
							"category": "envoy.filters.http",
							"name": "envoy.filters.http.oauth2",
							"type_urls": [
								"envoy.extensions.filters.http.oauth2.v3.OAuth2"
							]
						},
						{
							"category": "envoy.filters.http",
							"name": "envoy.filters.http.rate_limit_quota",
							"type_urls": [
								"envoy.extensions.filters.http.rate_limit_quota.v3.RateLimitQuotaFilterConfig",
								"envoy.extensions.filters.http.rate_limit_quota.v3.RateLimitQuotaOverride"
							]
						},
						{
							"category": "envoy.filters.http",
							"name": "envoy.filters.http.ratelimit",
							"type_urls": [
								"envoy.extensions.filters.http.ratelimit.v3.RateLimit",
								"envoy.extensions.filters.http.ratelimit.v3.RateLimitPerRoute"
							]
						},
						{
							"category": "envoy.filters.http",
							"name": "envoy.filters.http.router",
							"type_urls": [
								"envoy.extensions.filters.http.router.v3.Router"
							]
						},
						{
							"category": "envoy.filters.http",
							"name": "envoy.filters.http.set_metadata",
							"type_urls": [
								"envoy.extensions.filters.http.set_metadata.v3.Config"
							]
						},
						{
							"category": "envoy.filters.http",
							"name": "envoy.filters.http.wasm",
							"type_urls": [
								"envoy.extensions.filters.http.wasm.v3.Wasm"
							]
						},
						{
							"category": "envoy.filters.http",
							"name": "envoy.grpc_web"
						},
						{
							"category": "envoy.filters.http",
							"name": "envoy.health_check"
						},
						{
							"category": "envoy.filters.http",
							"name": "envoy.local_rate_limit"
						},
						{
							"category": "envoy.filters.http",
							"name": "envoy.rate_limit"
						},
						{
							"category": "envoy.filters.http",
							"name": "envoy.router"
						},
						{
							"category": "envoy.listener_manager_impl",
							"name": "envoy.listener_manager_impl.default",
							"type_urls": [
								"envoy.config.listener.v3.ListenerManager"
							]
						},
						{
							"category": "envoy.listener_manager_impl",
							"name": "envoy.listener_manager_impl.validation",
							"type_urls": [
								"envoy.config.listener.v3.ValidationListenerManager"
							]
						},
						{
							"category": "envoy.filters.http.upstream",
							"name": "cilium.l7policy",
							"type_urls": [
								"cilium.L7Policy"
							]
						},
						{
							"category": "envoy.filters.http.upstream",
							"name": "envoy.filters.http.upstream_codec",
							"type_urls": [
								"envoy.extensions.filters.http.upstream_codec.v3.UpstreamCodec"
							]
						},
						{
							"category": "envoy.bootstrap",
							"name": "envoy.bootstrap.internal_listener",
							"type_urls": [
								"envoy.extensions.bootstrap.internal_listener.v3.InternalListener"
							]
						},
						{
							"category": "envoy.bootstrap",
							"name": "envoy.bootstrap.wasm",
							"type_urls": [
								"envoy.extensions.wasm.v3.WasmService"
							]
						},
						{
							"category": "envoy.bootstrap",
							"name": "envoy.extensions.network.socket_interface.default_socket_interface",
							"type_urls": [
								"envoy.extensions.network.socket_interface.v3.DefaultSocketInterface"
							]
						},
						{
							"category": "envoy.upstream.local_address_selector",
							"name": "envoy.upstream.local_address_selector.default_local_address_selector",
							"type_urls": [
								"envoy.config.upstream.local_address_selector.v3.DefaultLocalAddressSelector"
							]
						},
						{
							"category": "envoy.connection_handler",
							"name": "envoy.connection_handler.default"
						},
						{
							"category": "envoy.regex_engines",
							"name": "envoy.regex_engines.google_re2",
							"type_urls": [
								"envoy.extensions.regex_engines.v3.GoogleRE2"
							]
						},
						{
							"category": "envoy.route.early_data_policy",
							"name": "envoy.route.early_data_policy.default",
							"type_urls": [
								"envoy.extensions.early_data.v3.DefaultEarlyDataPolicy"
							]
						},
						{
							"category": "envoy.quic.connection_id_generator",
							"name": "envoy.quic.deterministic_connection_id_generator",
							"type_urls": [
								"envoy.extensions.quic.connection_id_generator.v3.DeterministicConnectionIdGeneratorConfig"
							]
						},
						{
							"category": "envoy.matching.action",
							"name": "rate_limit_quota",
							"type_urls": [
								"envoy.extensions.filters.http.rate_limit_quota.v3.RateLimitQuotaBucketSettings"
							]
						},
						{
							"category": "envoy.http.early_header_mutation",
							"name": "envoy.http.early_header_mutation.header_mutation",
							"type_urls": [
								"envoy.extensions.http.early_header_mutation.header_mutation.v3.HeaderMutation"
							]
						},
						{
							"category": "envoy.health_check.event_sinks",
							"name": "cilium.health_check.event_sink.pipe",
							"type_urls": [
								"cilium.HealthCheckEventPipeSink"
							]
						},
						{
							"category": "envoy.health_check.event_sinks",
							"name": "envoy.health_check.event_sink.file",
							"type_urls": [
								"envoy.extensions.health_check.event_sinks.file.v3.HealthCheckEventFileSink"
							]
						},
						{
							"category": "envoy.thrift_proxy.protocols",
							"name": "auto"
						},
						{
							"category": "envoy.thrift_proxy.protocols",
							"name": "binary"
						},
						{
							"category": "envoy.thrift_proxy.protocols",
							"name": "binary/non-strict"
						},
						{
							"category": "envoy.thrift_proxy.protocols",
							"name": "compact"
						},
						{
							"category": "envoy.thrift_proxy.protocols",
							"name": "twitter"
						},
						{
							"category": "envoy.wasm.runtime",
							"name": "envoy.wasm.runtime.null"
						},
						{
							"category": "envoy.wasm.runtime",
							"name": "envoy.wasm.runtime.v8"
						},
						{
							"category": "envoy.quic.server.crypto_stream",
							"name": "envoy.quic.crypto_stream.server.quiche",
							"type_urls": [
								"envoy.extensions.quic.crypto_stream.v3.CryptoServerStreamConfig"
							]
						},
						{
							"category": "envoy.thrift_proxy.filters",
							"name": "envoy.filters.thrift.router",
							"type_urls": [
								"envoy.extensions.filters.network.thrift_proxy.router.v3.Router"
							]
						},
						{
							"category": "envoy.rate_limit_descriptors",
							"name": "envoy.rate_limit_descriptors.expr",
							"type_urls": [
								"envoy.extensions.rate_limit_descriptors.expr.v3.Descriptor"
							]
						},
						{
							"category": "envoy.matching.input_matchers",
							"name": "envoy.matching.matchers.cel_matcher",
							"type_urls": [
								"xds.type.matcher.v3.CelMatcher"
							]
						},
						{
							"category": "envoy.health_checkers",
							"name": "envoy.health_checkers.grpc",
							"type_urls": [
								"envoy.config.core.v3.HealthCheck.GrpcHealthCheck"
							]
						},
						{
							"category": "envoy.health_checkers",
							"name": "envoy.health_checkers.http",
							"type_urls": [
								"envoy.config.core.v3.HealthCheck.HttpHealthCheck"
							]
						},
						{
							"category": "envoy.health_checkers",
							"name": "envoy.health_checkers.redis",
							"type_urls": [
								"envoy.extensions.health_checkers.redis.v3.Redis"
							]
						},
						{
							"category": "envoy.health_checkers",
							"name": "envoy.health_checkers.tcp",
							"type_urls": [
								"envoy.config.core.v3.HealthCheck.TcpHealthCheck"
							]
						},
						{
							"category": "envoy.health_checkers",
							"name": "envoy.health_checkers.thrift",
							"type_urls": [
								"envoy.extensions.health_checkers.thrift.v3.Thrift"
							]
						},
						{
							"category": "envoy.network.dns_resolver",
							"name": "envoy.network.dns_resolver.cares",
							"type_urls": [
								"envoy.extensions.network.dns_resolver.cares.v3.CaresDnsResolverConfig"
							]
						},
						{
							"category": "envoy.transport_sockets.upstream",
							"name": "cilium.tls_wrapper",
							"type_urls": [
								"cilium.UpstreamTlsWrapperContext"
							]
						},
						{
							"category": "envoy.transport_sockets.upstream",
							"name": "envoy.transport_sockets.internal_upstream",
							"type_urls": [
								"envoy.extensions.transport_sockets.internal_upstream.v3.InternalUpstreamTransport"
							]
						},
						{
							"category": "envoy.transport_sockets.upstream",
							"name": "envoy.transport_sockets.quic",
							"type_urls": [
								"envoy.extensions.transport_sockets.quic.v3.QuicUpstreamTransport"
							]
						},
						{
							"category": "envoy.transport_sockets.upstream",
							"name": "envoy.transport_sockets.raw_buffer",
							"type_urls": [
								"envoy.extensions.transport_sockets.raw_buffer.v3.RawBuffer"
							]
						},
						{
							"category": "envoy.transport_sockets.upstream",
							"name": "envoy.transport_sockets.tls",
							"type_urls": [
								"envoy.extensions.transport_sockets.tls.v3.UpstreamTlsContext"
							]
						},
						{
							"category": "envoy.transport_sockets.upstream",
							"name": "raw_buffer"
						},
						{
							"category": "envoy.transport_sockets.upstream",
							"name": "tls"
						},
						{
							"category": "network.connection.client",
							"name": "default"
						},
						{
							"category": "network.connection.client",
							"name": "envoy_internal"
						},
						{
							"category": "envoy.tls.cert_validator",
							"name": "envoy.tls.cert_validator.default"
						},
						{
							"category": "envoy.guarddog_actions",
							"name": "envoy.watchdog.abort_action",
							"type_urls": [
								"envoy.watchdog.v3.AbortActionConfig"
							]
						},
						{
							"category": "envoy.quic.proof_source",
							"name": "envoy.quic.proof_source.filter_chain",
							"type_urls": [
								"envoy.extensions.quic.proof_source.v3.ProofSourceConfig"
							]
						},
						{
							"category": "envoy.filters.listener",
							"name": "cilium.bpf_metadata",
							"type_urls": [
								"cilium.BpfMetadata"
							],
							"version": {
								"metadata": {
									"": ""
								},
								"version": {
									"major_number": 1,
									"minor_number": 1
								}
							}
						},
						{
							"category": "envoy.filters.listener",
							"name": "envoy.filters.listener.http_inspector",
							"type_urls": [
								"envoy.extensions.filters.listener.http_inspector.v3.HttpInspector"
							]
						},
						{
							"category": "envoy.filters.listener",
							"name": "envoy.filters.listener.local_ratelimit",
							"type_urls": [
								"envoy.extensions.filters.listener.local_ratelimit.v3.LocalRateLimit"
							]
						},
						{
							"category": "envoy.filters.listener",
							"name": "envoy.filters.listener.proxy_protocol",
							"type_urls": [
								"envoy.extensions.filters.listener.proxy_protocol.v3.ProxyProtocol"
							]
						},
						{
							"category": "envoy.filters.listener",
							"name": "envoy.filters.listener.tls_inspector",
							"type_urls": [
								"envoy.extensions.filters.listener.tls_inspector.v3.TlsInspector"
							]
						},
						{
							"category": "envoy.filters.listener",
							"name": "envoy.listener.http_inspector"
						},
						{
							"category": "envoy.filters.listener",
							"name": "envoy.listener.proxy_protocol"
						},
						{
							"category": "envoy.filters.listener",
							"name": "envoy.listener.tls_inspector"
						},
						{
							"category": "envoy.config_subscription",
							"name": "envoy.config_subscription.ads"
						},
						{
							"category": "envoy.config_subscription",
							"name": "envoy.config_subscription.ads_collection"
						},
						{
							"category": "envoy.config_subscription",
							"name": "envoy.config_subscription.aggregated_grpc_collection"
						},
						{
							"category": "envoy.config_subscription",
							"name": "envoy.config_subscription.delta_grpc"
						},
						{
							"category": "envoy.config_subscription",
							"name": "envoy.config_subscription.delta_grpc_collection"
						},
						{
							"category": "envoy.config_subscription",
							"name": "envoy.config_subscription.filesystem"
						},
						{
							"category": "envoy.config_subscription",
							"name": "envoy.config_subscription.filesystem_collection"
						},
						{
							"category": "envoy.config_subscription",
							"name": "envoy.config_subscription.grpc"
						},
						{
							"category": "envoy.http.original_ip_detection",
							"name": "envoy.http.original_ip_detection.xff",
							"type_urls": [
								"envoy.extensions.http.original_ip_detection.xff.v3.XffConfig"
							]
						},
						{
							"category": "envoy.request_id",
							"name": "envoy.request_id.uuid",
							"type_urls": [
								"envoy.extensions.request_id.uuid.v3.UuidRequestIdConfig"
							]
						},
						{
							"category": "envoy.filters.network",
							"name": "cilium.network",
							"type_urls": [
								"cilium.NetworkFilter"
							]
						},
						{
							"category": "envoy.filters.network",
							"name": "cilium.network.websocket.client",
							"type_urls": [
								"cilium.WebSocketClient"
							]
						},
						{
							"category": "envoy.filters.network",
							"name": "cilium.network.websocket.server",
							"type_urls": [
								"cilium.WebSocketServer"
							]
						},
						{
							"category": "envoy.filters.network",
							"name": "envoy.ext_authz"
						},
						{
							"category": "envoy.filters.network",
							"name": "envoy.filters.network.connection_limit",
							"type_urls": [
								"envoy.extensions.filters.network.connection_limit.v3.ConnectionLimit"
							]
						},
						{
							"category": "envoy.filters.network",
							"name": "envoy.filters.network.ext_authz",
							"type_urls": [
								"envoy.extensions.filters.network.ext_authz.v3.ExtAuthz"
							]
						},
						{
							"category": "envoy.filters.network",
							"name": "envoy.filters.network.http_connection_manager",
							"type_urls": [
								"envoy.extensions.filters.network.http_connection_manager.v3.HttpConnectionManager"
							]
						},
						{
							"category": "envoy.filters.network",
							"name": "envoy.filters.network.local_ratelimit",
							"type_urls": [
								"envoy.extensions.filters.network.local_ratelimit.v3.LocalRateLimit"
							]
						},
						{
							"category": "envoy.filters.network",
							"name": "envoy.filters.network.mongo_proxy",
							"type_urls": [
								"envoy.extensions.filters.network.mongo_proxy.v3.MongoProxy"
							]
						},
						{
							"category": "envoy.filters.network",
							"name": "envoy.filters.network.mysql_proxy",
							"type_urls": [
								"envoy.extensions.filters.network.mysql_proxy.v3.MySQLProxy"
							]
						},
						{
							"category": "envoy.filters.network",
							"name": "envoy.filters.network.ratelimit",
							"type_urls": [
								"envoy.extensions.filters.network.ratelimit.v3.RateLimit"
							]
						},
						{
							"category": "envoy.filters.network",
							"name": "envoy.filters.network.redis_proxy",
							"type_urls": [
								"envoy.extensions.filters.network.redis_proxy.v3.RedisProxy"
							]
						},
						{
							"category": "envoy.filters.network",
							"name": "envoy.filters.network.sni_cluster",
							"type_urls": [
								"envoy.extensions.filters.network.sni_cluster.v3.SniCluster"
							]
						},
						{
							"category": "envoy.filters.network",
							"name": "envoy.filters.network.sni_dynamic_forward_proxy",
							"type_urls": [
								"envoy.extensions.filters.network.sni_dynamic_forward_proxy.v3.FilterConfig"
							]
						},
						{
							"category": "envoy.filters.network",
							"name": "envoy.filters.network.tcp_proxy",
							"type_urls": [
								"envoy.extensions.filters.network.tcp_proxy.v3.TcpProxy"
							]
						},
						{
							"category": "envoy.filters.network",
							"name": "envoy.filters.network.thrift_proxy",
							"type_urls": [
								"envoy.extensions.filters.network.thrift_proxy.v3.ThriftProxy"
							]
						},
						{
							"category": "envoy.filters.network",
							"name": "envoy.filters.network.wasm",
							"type_urls": [
								"envoy.extensions.filters.network.wasm.v3.Wasm"
							]
						},
						{
							"category": "envoy.filters.network",
							"name": "envoy.http_connection_manager"
						},
						{
							"category": "envoy.filters.network",
							"name": "envoy.mongo_proxy"
						},
						{
							"category": "envoy.filters.network",
							"name": "envoy.ratelimit"
						},
						{
							"category": "envoy.filters.network",
							"name": "envoy.redis_proxy"
						},
						{
							"category": "envoy.filters.network",
							"name": "envoy.tcp_proxy"
						},
						{
							"category": "envoy.path.match",
							"name": "envoy.path.match.uri_template.uri_template_matcher",
							"type_urls": [
								"envoy.extensions.path.match.uri_template.v3.UriTemplateMatchConfig"
							]
						},
						{
							"category": "envoy.thrift_proxy.transports",
							"name": "auto"
						},
						{
							"category": "envoy.thrift_proxy.transports",
							"name": "framed"
						},
						{
							"category": "envoy.thrift_proxy.transports",
							"name": "header"
						},
						{
							"category": "envoy.thrift_proxy.transports",
							"name": "unframed"
						},
						{
							"category": "envoy.matching.http.input",
							"name": "envoy.matching.inputs.cel_data_input",
							"type_urls": [
								"xds.type.matcher.v3.HttpAttributesCelMatchInput"
							]
						},
						{
							"category": "envoy.matching.http.input",
							"name": "envoy.matching.inputs.request_headers",
							"type_urls": [
								"envoy.type.matcher.v3.HttpRequestHeaderMatchInput"
							]
						},
						{
							"category": "envoy.matching.http.input",
							"name": "envoy.matching.inputs.request_trailers",
							"type_urls": [
								"envoy.type.matcher.v3.HttpRequestTrailerMatchInput"
							]
						},
						{
							"category": "envoy.matching.http.input",
							"name": "envoy.matching.inputs.response_headers",
							"type_urls": [
								"envoy.type.matcher.v3.HttpResponseHeaderMatchInput"
							]
						},
						{
							"category": "envoy.matching.http.input",
							"name": "envoy.matching.inputs.response_trailers",
							"type_urls": [
								"envoy.type.matcher.v3.HttpResponseTrailerMatchInput"
							]
						},
						{
							"category": "envoy.matching.http.input",
							"name": "query_params",
							"type_urls": [
								"envoy.type.matcher.v3.HttpRequestQueryParamMatchInput"
							]
						},
						{
							"category": "envoy.config_mux",
							"name": "envoy.config_mux.delta_grpc_mux_factory"
						},
						{
							"category": "envoy.config_mux",
							"name": "envoy.config_mux.grpc_mux_factory"
						},
						{
							"category": "envoy.config_mux",
							"name": "envoy.config_mux.new_grpc_mux_factory"
						},
						{
							"category": "envoy.config_mux",
							"name": "envoy.config_mux.sotw_grpc_mux_factory"
						},
						{
							"category": "envoy.resolvers",
							"name": "envoy.ip"
						},
						{
							"category": "envoy.stats_sinks",
							"name": "envoy.metrics_service"
						},
						{
							"category": "envoy.stats_sinks",
							"name": "envoy.open_telemetry_stat_sink"
						},
						{
							"category": "envoy.stats_sinks",
							"name": "envoy.stat_sinks.metrics_service",
							"type_urls": [
								"envoy.config.metrics.v3.MetricsServiceConfig"
							]
						},
						{
							"category": "envoy.stats_sinks",
							"name": "envoy.stat_sinks.open_telemetry",
							"type_urls": [
								"envoy.extensions.stat_sinks.open_telemetry.v3.SinkConfig"
							]
						},
						{
							"category": "envoy.stats_sinks",
							"name": "envoy.stat_sinks.wasm",
							"type_urls": [
								"envoy.extensions.stat_sinks.wasm.v3.Wasm"
							]
						},
						{
							"category": "envoy.grpc_credentials",
							"name": "envoy.grpc_credentials.default"
						},
						{
							"category": "quic.http_server_connection",
							"name": "quic.http_server_connection.default"
						},
						{
							"category": "envoy.udp_packet_writer",
							"name": "envoy.udp_packet_writer.default",
							"type_urls": [
								"envoy.extensions.udp_packet_writer.v3.UdpDefaultWriterFactory"
							]
						},
						{
							"category": "envoy.udp_packet_writer",
							"name": "envoy.udp_packet_writer.gso",
							"type_urls": [
								"envoy.extensions.udp_packet_writer.v3.UdpGsoBatchWriterFactory"
							]
						},
						{
							"category": "envoy.http.stateful_header_formatters",
							"name": "envoy.http.stateful_header_formatters.preserve_case",
							"type_urls": [
								"envoy.extensions.http.header_formatters.preserve_case.v3.PreserveCaseFormatterConfig"
							]
						},
						{
							"category": "envoy.http.stateful_header_formatters",
							"name": "preserve_case"
						},
						{
							"category": "envoy.resource_monitors",
							"name": "envoy.resource_monitors.downstream_connections",
							"type_urls": [
								"envoy.extensions.resource_monitors.downstream_connections.v3.DownstreamConnectionsConfig"
							]
						},
						{
							"category": "envoy.access_loggers.extension_filters",
							"name": "envoy.access_loggers.extension_filters.cel",
							"type_urls": [
								"envoy.extensions.access_loggers.filters.cel.v3.ExpressionFilter"
							]
						}
					],
					"id": "host~127.0.0.1~no-id~localdomain",
					"user_agent_build_version": {
						"metadata": {
							"build.type": "RELEASE",
							"revision.sha": "39a2a56bbd5b3a591f69dbca51d3e30ef97e0e51",
							"revision.status": "Distribution",
							"ssl.version": "BoringSSL"
						},
						"version": {
							"major_number": 1,
							"minor_number": 29,
							"patch": 7
						}
					},
					"user_agent_name": "envoy"
				},
				"static_resources": {
					"clusters": [
						{
							"cleanup_interval": "2.500s",
							"connect_timeout": "2s",
							"lb_policy": "CLUSTER_PROVIDED",
							"name": "ingress-cluster",
							"type": "ORIGINAL_DST",
							"typed_extension_protocol_options": {
								"envoy.extensions.upstreams.http.v3.HttpProtocolOptions": {
									"@type": "type.googleapis.com/envoy.extensions.upstreams.http.v3.HttpProtocolOptions",
									"common_http_protocol_options": {
										"idle_timeout": "60s",
										"max_connection_duration": "0s",
										"max_requests_per_connection": 0
									},
									"use_downstream_protocol_config": {}
								}
							}
						},
						{
							"cleanup_interval": "2.500s",
							"connect_timeout": "2s",
							"lb_policy": "CLUSTER_PROVIDED",
							"name": "egress-cluster-tls",
							"transport_socket": {
								"name": "cilium.tls_wrapper",
								"typed_config": {
									"@type": "type.googleapis.com/cilium.UpstreamTlsWrapperContext"
								}
							},
							"type": "ORIGINAL_DST",
							"typed_extension_protocol_options": {
								"envoy.extensions.upstreams.http.v3.HttpProtocolOptions": {
									"@type": "type.googleapis.com/envoy.extensions.upstreams.http.v3.HttpProtocolOptions",
									"common_http_protocol_options": {
										"idle_timeout": "60s",
										"max_connection_duration": "0s",
										"max_requests_per_connection": 0
									},
									"upstream_http_protocol_options": {},
									"use_downstream_protocol_config": {}
								}
							}
						},
						{
							"cleanup_interval": "2.500s",
							"connect_timeout": "2s",
							"lb_policy": "CLUSTER_PROVIDED",
							"name": "egress-cluster",
							"type": "ORIGINAL_DST",
							"typed_extension_protocol_options": {
								"envoy.extensions.upstreams.http.v3.HttpProtocolOptions": {
									"@type": "type.googleapis.com/envoy.extensions.upstreams.http.v3.HttpProtocolOptions",
									"common_http_protocol_options": {
										"idle_timeout": "60s",
										"max_connection_duration": "0s",
										"max_requests_per_connection": 0
									},
									"use_downstream_protocol_config": {}
								}
							}
						},
						{
							"cleanup_interval": "2.500s",
							"connect_timeout": "2s",
							"lb_policy": "CLUSTER_PROVIDED",
							"name": "ingress-cluster-tls",
							"transport_socket": {
								"name": "cilium.tls_wrapper",
								"typed_config": {
									"@type": "type.googleapis.com/cilium.UpstreamTlsWrapperContext"
								}
							},
							"type": "ORIGINAL_DST",
							"typed_extension_protocol_options": {
								"envoy.extensions.upstreams.http.v3.HttpProtocolOptions": {
									"@type": "type.googleapis.com/envoy.extensions.upstreams.http.v3.HttpProtocolOptions",
									"common_http_protocol_options": {
										"idle_timeout": "60s",
										"max_connection_duration": "0s",
										"max_requests_per_connection": 0
									},
									"upstream_http_protocol_options": {},
									"use_downstream_protocol_config": {}
								}
							}
						},
						{
							"connect_timeout": "2s",
							"load_assignment": {
								"cluster_name": "xds-grpc-cilium",
								"endpoints": [
									{
										"lb_endpoints": [
											{
												"endpoint": {
													"address": {
														"pipe": {
															"path": "/var/run/cilium/envoy/sockets/xds.sock"
														}
													}
												}
											}
										]
									}
								]
							},
							"name": "xds-grpc-cilium",
							"type": "STATIC",
							"typed_extension_protocol_options": {
								"envoy.extensions.upstreams.http.v3.HttpProtocolOptions": {
									"@type": "type.googleapis.com/envoy.extensions.upstreams.http.v3.HttpProtocolOptions",
									"explicit_http_config": {
										"http2_protocol_options": {}
									}
								}
							}
						},
						{
							"connect_timeout": "2s",
							"load_assignment": {
								"cluster_name": "/envoy-admin",
								"endpoints": [
									{
										"lb_endpoints": [
											{
												"endpoint": {
													"address": {
														"pipe": {
															"path": "/var/run/cilium/envoy/sockets/admin.sock"
														}
													}
												}
											}
										]
									}
								]
							},
							"name": "/envoy-admin",
							"type": "STATIC"
						}
					],
					"listeners": [
						{
							"address": {
								"socket_address": {
									"address": "0.0.0.0",
									"port_value": 9964
								}
							},
							"filter_chains": [
								{
									"filters": [
										{
											"name": "envoy.filters.network.http_connection_manager",
											"typed_config": {
												"@type": "type.googleapis.com/envoy.extensions.filters.network.http_connection_manager.v3.HttpConnectionManager",
												"http_filters": [
													{
														"name": "envoy.filters.http.router",
														"typed_config": {
															"@type": "type.googleapis.com/envoy.extensions.filters.http.router.v3.Router"
														}
													}
												],
												"route_config": {
													"virtual_hosts": [
														{
															"domains": [
																"*"
															],
															"name": "prometheus_metrics_route",
															"routes": [
																{
																	"match": {
																		"prefix": "/metrics"
																	},
																	"name": "prometheus_metrics_route",
																	"route": {
																		"cluster": "/envoy-admin",
																		"prefix_rewrite": "/stats/prometheus"
																	}
																}
															]
														}
													]
												},
												"stat_prefix": "envoy-prometheus-metrics-listener",
												"stream_idle_timeout": "0s"
											}
										}
									]
								}
							],
							"name": "envoy-prometheus-metrics-listener"
						},
						{
							"address": {
								"socket_address": {
									"address": "127.0.0.1",
									"port_value": 9878
								}
							},
							"filter_chains": [
								{
									"filters": [
										{
											"name": "envoy.filters.network.http_connection_manager",
											"typed_config": {
												"@type": "type.googleapis.com/envoy.extensions.filters.network.http_connection_manager.v3.HttpConnectionManager",
												"http_filters": [
													{
														"name": "envoy.filters.http.router",
														"typed_config": {
															"@type": "type.googleapis.com/envoy.extensions.filters.http.router.v3.Router"
														}
													}
												],
												"route_config": {
													"virtual_hosts": [
														{
															"domains": [
																"*"
															],
															"name": "health",
															"routes": [
																{
																	"match": {
																		"prefix": "/healthz"
																	},
																	"name": "health",
																	"route": {
																		"cluster": "/envoy-admin",
																		"prefix_rewrite": "/ready"
																	}
																}
															]
														}
													]
												},
												"stat_prefix": "envoy-health-listener",
												"stream_idle_timeout": "0s"
											}
										}
									]
								}
							],
							"name": "envoy-health-listener"
						}
					]
				}
			},
			"last_updated": "2024-10-25T10:13:44.705Z"
		},
		{
			"@type": "type.googleapis.com/envoy.admin.v3.ClustersConfigDump",
			"static_clusters": [
				{
					"cluster": {
						"@type": "type.googleapis.com/envoy.config.cluster.v3.Cluster",
						"connect_timeout": "2s",
						"load_assignment": {
							"cluster_name": "/envoy-admin",
							"endpoints": [
								{
									"lb_endpoints": [
										{
											"endpoint": {
												"address": {
													"pipe": {
														"path": "/var/run/cilium/envoy/sockets/admin.sock"
													}
												}
											}
										}
									]
								}
							]
						},
						"name": "/envoy-admin",
						"type": "STATIC"
					},
					"last_updated": "2024-10-25T10:13:44.716Z"
				},
				{
					"cluster": {
						"@type": "type.googleapis.com/envoy.config.cluster.v3.Cluster",
						"cleanup_interval": "2.500s",
						"connect_timeout": "2s",
						"lb_policy": "CLUSTER_PROVIDED",
						"name": "egress-cluster",
						"type": "ORIGINAL_DST",
						"typed_extension_protocol_options": {
							"envoy.extensions.upstreams.http.v3.HttpProtocolOptions": {
								"@type": "type.googleapis.com/envoy.extensions.upstreams.http.v3.HttpProtocolOptions",
								"common_http_protocol_options": {
									"idle_timeout": "60s",
									"max_connection_duration": "0s",
									"max_requests_per_connection": 0
								},
								"use_downstream_protocol_config": {}
							}
						}
					},
					"last_updated": "2024-10-25T10:13:44.715Z"
				},
				{
					"cluster": {
						"@type": "type.googleapis.com/envoy.config.cluster.v3.Cluster",
						"cleanup_interval": "2.500s",
						"connect_timeout": "2s",
						"lb_policy": "CLUSTER_PROVIDED",
						"name": "egress-cluster-tls",
						"transport_socket": {
							"name": "cilium.tls_wrapper",
							"typed_config": {
								"@type": "type.googleapis.com/cilium.UpstreamTlsWrapperContext"
							}
						},
						"type": "ORIGINAL_DST",
						"typed_extension_protocol_options": {
							"envoy.extensions.upstreams.http.v3.HttpProtocolOptions": {
								"@type": "type.googleapis.com/envoy.extensions.upstreams.http.v3.HttpProtocolOptions",
								"common_http_protocol_options": {
									"idle_timeout": "60s",
									"max_connection_duration": "0s",
									"max_requests_per_connection": 0
								},
								"upstream_http_protocol_options": {},
								"use_downstream_protocol_config": {}
							}
						}
					},
					"last_updated": "2024-10-25T10:13:44.714Z"
				},
				{
					"cluster": {
						"@type": "type.googleapis.com/envoy.config.cluster.v3.Cluster",
						"cleanup_interval": "2.500s",
						"connect_timeout": "2s",
						"lb_policy": "CLUSTER_PROVIDED",
						"name": "ingress-cluster",
						"type": "ORIGINAL_DST",
						"typed_extension_protocol_options": {
							"envoy.extensions.upstreams.http.v3.HttpProtocolOptions": {
								"@type": "type.googleapis.com/envoy.extensions.upstreams.http.v3.HttpProtocolOptions",
								"common_http_protocol_options": {
									"idle_timeout": "60s",
									"max_connection_duration": "0s",
									"max_requests_per_connection": 0
								},
								"use_downstream_protocol_config": {}
							}
						}
					},
					"last_updated": "2024-10-25T10:13:44.713Z"
				},
				{
					"cluster": {
						"@type": "type.googleapis.com/envoy.config.cluster.v3.Cluster",
						"cleanup_interval": "2.500s",
						"connect_timeout": "2s",
						"lb_policy": "CLUSTER_PROVIDED",
						"name": "ingress-cluster-tls",
						"transport_socket": {
							"name": "cilium.tls_wrapper",
							"typed_config": {
								"@type": "type.googleapis.com/cilium.UpstreamTlsWrapperContext"
							}
						},
						"type": "ORIGINAL_DST",
						"typed_extension_protocol_options": {
							"envoy.extensions.upstreams.http.v3.HttpProtocolOptions": {
								"@type": "type.googleapis.com/envoy.extensions.upstreams.http.v3.HttpProtocolOptions",
								"common_http_protocol_options": {
									"idle_timeout": "60s",
									"max_connection_duration": "0s",
									"max_requests_per_connection": 0
								},
								"upstream_http_protocol_options": {},
								"use_downstream_protocol_config": {}
							}
						}
					},
					"last_updated": "2024-10-25T10:13:44.715Z"
				},
				{
					"cluster": {
						"@type": "type.googleapis.com/envoy.config.cluster.v3.Cluster",
						"connect_timeout": "2s",
						"load_assignment": {
							"cluster_name": "xds-grpc-cilium",
							"endpoints": [
								{
									"lb_endpoints": [
										{
											"endpoint": {
												"address": {
													"pipe": {
														"path": "/var/run/cilium/envoy/sockets/xds.sock"
													}
												}
											}
										}
									]
								}
							]
						},
						"name": "xds-grpc-cilium",
						"type": "STATIC",
						"typed_extension_protocol_options": {
							"envoy.extensions.upstreams.http.v3.HttpProtocolOptions": {
								"@type": "type.googleapis.com/envoy.extensions.upstreams.http.v3.HttpProtocolOptions",
								"explicit_http_config": {
									"http2_protocol_options": {}
								}
							}
						}
					},
					"last_updated": "2024-10-25T10:13:44.716Z"
				}
			]
		},
		{
			"@type": "type.googleapis.com/envoy.admin.v3.EndpointsConfigDump",
			"static_endpoint_configs": [
				{
					"endpoint_config": {
						"@type": "type.googleapis.com/envoy.config.endpoint.v3.ClusterLoadAssignment",
						"cluster_name": "ingress-cluster",
						"policy": {
							"overprovisioning_factor": 140
						}
					}
				},
				{
					"endpoint_config": {
						"@type": "type.googleapis.com/envoy.config.endpoint.v3.ClusterLoadAssignment",
						"cluster_name": "egress-cluster-tls",
						"policy": {
							"overprovisioning_factor": 140
						}
					}
				},
				{
					"endpoint_config": {
						"@type": "type.googleapis.com/envoy.config.endpoint.v3.ClusterLoadAssignment",
						"cluster_name": "egress-cluster",
						"policy": {
							"overprovisioning_factor": 140
						}
					}
				},
				{
					"endpoint_config": {
						"@type": "type.googleapis.com/envoy.config.endpoint.v3.ClusterLoadAssignment",
						"cluster_name": "ingress-cluster-tls",
						"policy": {
							"overprovisioning_factor": 140
						}
					}
				},
				{
					"endpoint_config": {
						"@type": "type.googleapis.com/envoy.config.endpoint.v3.ClusterLoadAssignment",
						"cluster_name": "xds-grpc-cilium",
						"endpoints": [
							{
								"lb_endpoints": [
									{
										"endpoint": {
											"address": {
												"pipe": {
													"path": "/var/run/cilium/envoy/sockets/xds.sock"
												}
											},
											"health_check_config": {}
										},
										"health_status": "HEALTHY",
										"load_balancing_weight": 1
									}
								],
								"load_balancing_weight": 0,
								"locality": {}
							}
						],
						"policy": {
							"overprovisioning_factor": 140
						}
					}
				},
				{
					"endpoint_config": {
						"@type": "type.googleapis.com/envoy.config.endpoint.v3.ClusterLoadAssignment",
						"cluster_name": "/envoy-admin",
						"endpoints": [
							{
								"lb_endpoints": [
									{
										"endpoint": {
											"address": {
												"pipe": {
													"path": "/var/run/cilium/envoy/sockets/admin.sock"
												}
											},
											"health_check_config": {}
										},
										"health_status": "HEALTHY",
										"load_balancing_weight": 1
									}
								],
								"load_balancing_weight": 0,
								"locality": {}
							}
						],
						"policy": {
							"overprovisioning_factor": 140
						}
					}
				}
			]
		},
		{
			"@type": "type.googleapis.com/envoy.admin.v3.ListenersConfigDump",
			"static_listeners": [
				{
					"last_updated": "2024-10-25T10:13:44.719Z",
					"listener": {
						"@type": "type.googleapis.com/envoy.config.listener.v3.Listener",
						"address": {
							"socket_address": {
								"address": "0.0.0.0",
								"port_value": 9964
							}
						},
						"filter_chains": [
							{
								"filters": [
									{
										"name": "envoy.filters.network.http_connection_manager",
										"typed_config": {
											"@type": "type.googleapis.com/envoy.extensions.filters.network.http_connection_manager.v3.HttpConnectionManager",
											"http_filters": [
												{
													"name": "envoy.filters.http.router",
													"typed_config": {
														"@type": "type.googleapis.com/envoy.extensions.filters.http.router.v3.Router"
													}
												}
											],
											"route_config": {
												"virtual_hosts": [
													{
														"domains": [
															"*"
														],
														"name": "prometheus_metrics_route",
														"routes": [
															{
																"match": {
																	"prefix": "/metrics"
																},
																"name": "prometheus_metrics_route",
																"route": {
																	"cluster": "/envoy-admin",
																	"prefix_rewrite": "/stats/prometheus"
																}
															}
														]
													}
												]
											},
											"stat_prefix": "envoy-prometheus-metrics-listener",
											"stream_idle_timeout": "0s"
										}
									}
								]
							}
						],
						"name": "envoy-prometheus-metrics-listener"
					}
				},
				{
					"last_updated": "2024-10-25T10:13:44.721Z",
					"listener": {
						"@type": "type.googleapis.com/envoy.config.listener.v3.Listener",
						"address": {
							"socket_address": {
								"address": "127.0.0.1",
								"port_value": 9878
							}
						},
						"filter_chains": [
							{
								"filters": [
									{
										"name": "envoy.filters.network.http_connection_manager",
										"typed_config": {
											"@type": "type.googleapis.com/envoy.extensions.filters.network.http_connection_manager.v3.HttpConnectionManager",
											"http_filters": [
												{
													"name": "envoy.filters.http.router",
													"typed_config": {
														"@type": "type.googleapis.com/envoy.extensions.filters.http.router.v3.Router"
													}
												}
											],
											"route_config": {
												"virtual_hosts": [
													{
														"domains": [
															"*"
														],
														"name": "health",
														"routes": [
															{
																"match": {
																	"prefix": "/healthz"
																},
																"name": "health",
																"route": {
																	"cluster": "/envoy-admin",
																	"prefix_rewrite": "/ready"
																}
															}
														]
													}
												]
											},
											"stat_prefix": "envoy-health-listener",
											"stream_idle_timeout": "0s"
										}
									}
								]
							}
						],
						"name": "envoy-health-listener"
					}
				}
			]
		},
		{
			"@type": "type.googleapis.com/envoy.admin.v3.ScopedRoutesConfigDump"
		},
		{
			"@type": "type.googleapis.com/envoy.admin.v3.RoutesConfigDump",
			"static_route_configs": [
				{
					"last_updated": "2024-10-25T10:13:44.718Z",
					"route_config": {
						"@type": "type.googleapis.com/envoy.config.route.v3.RouteConfiguration",
						"virtual_hosts": [
							{
								"domains": [
									"*"
								],
								"name": "prometheus_metrics_route",
								"routes": [
									{
										"match": {
											"prefix": "/metrics"
										},
										"name": "prometheus_metrics_route",
										"route": {
											"cluster": "/envoy-admin",
											"prefix_rewrite": "/stats/prometheus"
										}
									}
								]
							}
						]
					}
				},
				{
					"last_updated": "2024-10-25T10:13:44.720Z",
					"route_config": {
						"@type": "type.googleapis.com/envoy.config.route.v3.RouteConfiguration",
						"virtual_hosts": [
							{
								"domains": [
									"*"
								],
								"name": "health",
								"routes": [
									{
										"match": {
											"prefix": "/healthz"
										},
										"name": "health",
										"route": {
											"cluster": "/envoy-admin",
											"prefix_rewrite": "/ready"
										}
									}
								]
							}
						]
					}
				}
			]
		},
		{
			"@type": "type.googleapis.com/envoy.admin.v3.SecretsConfigDump"
		}
	]
}