{"ID":2860,"ContainerName":"","dockerID":"616e5ddbf31163a7ff269754d952631e8419bfa212f30ea7de6b4cf68ee3d387","DockerNetworkID":"","DockerEndpointID":"","IfName":"lxce9094c6adc0b","IfIndex":15,"ContainerIfName":"eth0","DisableLegacyIdentifiers":false,"OpLabels":{"Custom":{},"OrchestrationIdentity":{"app.kubernetes.io/name":{"key":"app.kubernetes.io/name","value":"clustermesh-apiserver","source":"k8s"},"app.kubernetes.io/part-of":{"key":"app.kubernetes.io/part-of","value":"cilium","source":"k8s"},"io.cilium.k8s.namespace.labels.kubernetes.io/metadata.name":{"key":"io.cilium.k8s.namespace.labels.kubernetes.io/metadata.name","value":"kube-system","source":"k8s"},"io.cilium.k8s.policy.cluster":{"key":"io.cilium.k8s.policy.cluster","value":"cmesh19","source":"k8s"},"io.cilium.k8s.policy.serviceaccount":{"key":"io.cilium.k8s.policy.serviceaccount","value":"clustermesh-apiserver","source":"k8s"},"io.kubernetes.pod.namespace":{"key":"io.kubernetes.pod.namespace","value":"kube-system","source":"k8s"},"k8s-app":{"key":"k8s-app","value":"clustermesh-apiserver","source":"k8s"}},"Disabled":{},"OrchestrationInfo":{"pod-template-hash":{"key":"pod-template-hash","value":"5d768676b9","source":"k8s"}}},"LXCMAC":"22:e6:2e:49:b0:ae","IPv6":"","IPv6IPAMPool":"","IPv4":"10.18.0.205","IPv4IPAMPool":"default","NodeMAC":"1e:95:85:aa:e2:c0","SecLabel":{"id":1252286,"labels":{"app.kubernetes.io/name":{"key":"app.kubernetes.io/name","value":"clustermesh-apiserver","source":"k8s"},"app.kubernetes.io/part-of":{"key":"app.kubernetes.io/part-of","value":"cilium","source":"k8s"},"io.cilium.k8s.namespace.labels.kubernetes.io/metadata.name":{"key":"io.cilium.k8s.namespace.labels.kubernetes.io/metadata.name","value":"kube-system","source":"k8s"},"io.cilium.k8s.policy.cluster":{"key":"io.cilium.k8s.policy.cluster","value":"cmesh19","source":"k8s"},"io.cilium.k8s.policy.serviceaccount":{"key":"io.cilium.k8s.policy.serviceaccount","value":"clustermesh-apiserver","source":"k8s"},"io.kubernetes.pod.namespace":{"key":"io.kubernetes.pod.namespace","value":"kube-system","source":"k8s"},"k8s-app":{"key":"k8s-app","value":"clustermesh-apiserver","source":"k8s"}}},"Options":{"map":{"ConntrackAccounting":0,"ConntrackLocal":0,"Debug":0,"DebugLB":0,"DebugPolicy":0,"DropNotification":1,"MonitorAggregationLevel":3,"PolicyAccounting":1,"PolicyAuditMode":0,"PolicyVerdictNotification":1,"SourceIPVerification":1,"TraceNotification":1}},"DNSRules":{},"DNSRulesV2":{},"DNSHistory":[],"DNSZombies":{},"K8sPodName":"clustermesh-apiserver-5d768676b9-4r6mj","K8sNamespace":"kube-system","K8sUID":"5d274aef-a66e-492b-a3af-76f4f58f93fa","DatapathConfiguration":{},"CiliumEndpointUID":"","Properties":{},"NetnsCookie":9}